"reporting_category","charge_id","automatic_payout_id","available_on_utc","currency","gross","fee","net","customer_facing_amount","customer_facing_currency","payment_metadata[order_id]","charge_created","created_utc"
"charge","py_1LE1kER5X4yZHJIq2Zzj5j7e","po_1LGCRfR5X4yZHJIqSh4WSX6A","2022-07-01 00:00:00","cad","824.92","43.07","781.85","824.92","cad","336901","2022-06-24 01:55:38","2022-06-24 01:55:38"
"charge","py_1LE5tXR5X4yZHJIqBsf44u23","po_1LGCRfR5X4yZHJIqSh4WSX6A","2022-07-01 00:00:00","cad","192.38","14.78","177.60","192.38","cad","336920","2022-06-24 06:21:31","2022-06-24 06:21:31"
"charge","py_1LEIu0R5X4yZHJIqEwletQdx","po_1LGCRfR5X4yZHJIqSh4WSX6A","2022-07-01 00:00:00","cad","404.46","23.56","380.90","404.46","cad","336484","2022-06-24 20:14:52","2022-06-24 20:14:52"
"charge","py_1LETSOR5X4yZHJIqrm0RCBVw","po_1LGYLFR5X4yZHJIqUXMx8vy6","2022-07-02 00:00:00","cad","31.58","16.75","14.83","31.58","cad","337027","2022-06-25 07:31:04","2022-06-25 07:31:04"
"charge","py_1LEX7CR5X4yZHJIq7c7gxvtB","po_1LGYLFR5X4yZHJIqUXMx8vy6","2022-07-02 00:00:00","cad","111.17","12.17","99.00","111.17","cad","337034","2022-06-25 11:25:26","2022-06-25 11:25:26"
"charge","py_1LEbwjR5X4yZHJIqQ8sVR1BD","po_1LGYLFR5X4yZHJIqUXMx8vy6","2022-07-02 00:00:00","cad","162.86","24.85","138.01","162.86","cad","337054","2022-06-25 16:34:57","2022-06-25 16:34:57"
"charge","py_1LEdHlR5X4yZHJIqK16a4nOn","po_1LGYLFR5X4yZHJIqUXMx8vy6","2022-07-02 00:00:00","cad","334.93","0.00","334.93","334.93","cad","335877","2022-06-25 18:00:45","2022-06-25 18:00:45"
"refund","py_1LCA47R5X4yZHJIqJBpxH4Zk","po_1LGYLFR5X4yZHJIqUXMx8vy6","2022-06-30 15:23:11","cad","-310.89","0.00","-310.89","-310.89","cad","336262","2022-06-18 22:24:27","2022-06-30 15:23:11"
"charge","py_1LEjabR5X4yZHJIqEZKDV2t2","po_1LGui4R5X4yZHJIqjs2pGbbF","2022-07-03 00:00:00","cad","114.96","21.02","93.94","114.96","cad","336020","2022-06-26 00:44:38","2022-06-26 00:44:38"
"charge","py_1LEmPhR5X4yZHJIqptt0F1QS","po_1LGui4R5X4yZHJIqjs2pGbbF","2022-07-03 00:00:00","cad","220.31","26.64","193.67","220.31","cad","337144","2022-06-26 03:45:33","2022-06-26 03:45:33"
"charge","py_1LEnEBR5X4yZHJIqLZj9u8gj","po_1LGui4R5X4yZHJIqjs2pGbbF","2022-07-03 00:00:00","cad","119.79","9.60","110.19","119.79","cad","337148","2022-06-26 04:37:43","2022-06-26 04:37:43"
"charge","py_1LEuHiR5X4yZHJIqZksBENXe","po_1LGui4R5X4yZHJIqjs2pGbbF","2022-07-03 00:00:00","cad","18.94","0.00","18.94","18.94","cad","336392","2022-06-26 12:09:50","2022-06-26 12:09:50"
"charge","py_1LExQgR5X4yZHJIqdlkFdbrt","po_1LGui4R5X4yZHJIqjs2pGbbF","2022-07-03 00:00:00","cad","31.58","22.07","9.51","31.58","cad","337184","2022-06-26 15:31:18","2022-06-26 15:31:18"
"charge","py_1LEzNdR5X4yZHJIq2pQFimSF","po_1LGui4R5X4yZHJIqjs2pGbbF","2022-07-03 00:00:00","cad","31.58","11.99","19.59","31.58","cad","337208","2022-06-26 17:36:17","2022-06-26 17:36:17"
"charge","py_1LEzl4R5X4yZHJIqQcmkvJ3P","po_1LGui4R5X4yZHJIqjs2pGbbF","2022-07-03 00:00:00","cad","228.51","0.00","228.51","228.51","cad","335872","2022-06-26 18:00:30","2022-06-26 18:00:30"
"charge","py_1LEzlYR5X4yZHJIqzs1zyfoK","po_1LGui4R5X4yZHJIqjs2pGbbF","2022-07-03 00:00:00","cad","351.30","0.00","351.30","351.30","cad","335878","2022-06-26 18:01:01","2022-06-26 18:01:01"
"charge","py_1LEzloR5X4yZHJIqbFng0LLr","po_1LGui4R5X4yZHJIqjs2pGbbF","2022-07-03 00:00:00","cad","348.67","20.95","327.72","348.67","cad","335884","2022-06-26 18:01:17","2022-06-26 18:01:17"
"charge","py_1LF0pNR5X4yZHJIq7QXnIvgT","po_1LGui4R5X4yZHJIqjs2pGbbF","2022-07-03 00:00:00","cad","31.58","19.86","11.72","31.58","cad","337221","2022-06-26 19:09:02","2022-06-26 19:09:02"
"refund","py_1LEmPhR5X4yZHJIqptt0F1QS","po_1LGui4R5X4yZHJIqjs2pGbbF","2022-07-03 00:00:00","cad","-220.31","0.00","-220.31","-220.31","cad","337144","2022-06-26 03:45:33","2022-06-30 19:18:44"
"charge","py_1LF5OWR5X4yZHJIqE660CFlp","po_1LHHAkR5X4yZHJIqgucP0IqB","2022-07-04 00:00:00","cad","593.22","34.37","558.85","593.22","cad","335904","2022-06-27 00:01:36","2022-06-27 00:01:36"
"charge","py_1LF5OkR5X4yZHJIq1n5ppfKG","po_1LHHAkR5X4yZHJIqgucP0IqB","2022-07-04 00:00:00","cad","202.13","12.30","189.83","202.13","cad","335907","2022-06-27 00:01:50","2022-06-27 00:01:50"
"charge","py_1LFJN1R5X4yZHJIqrQ4RyF2w","po_1LHHAkR5X4yZHJIqgucP0IqB","2022-07-04 00:00:00","cad","31.61","31.61","0.00","31.61","cad","337309","2022-06-27 14:56:59","2022-06-27 14:56:59"
"charge","py_1LFJpPR5X4yZHJIqkZK7NgDw","po_1LHHAkR5X4yZHJIqgucP0IqB","2022-07-04 00:00:00","cad","111.26","21.58","89.68","111.26","cad","337312","2022-06-27 15:26:20","2022-06-27 15:26:20"
"charge","py_1LFJqmR5X4yZHJIqhDuKo8nk","po_1LHHAkR5X4yZHJIqgucP0IqB","2022-07-04 00:00:00","cad","18.97","0.00","18.97","18.97","cad","336302","2022-06-27 15:27:45","2022-06-27 15:27:45"
"charge","py_1LFRV4R5X4yZHJIqbaNHqPqx","po_1LHHAkR5X4yZHJIqgucP0IqB","2022-07-04 00:00:00","cad","18.97","0.00","18.97","18.97","cad","336252","2022-06-27 23:37:50","2022-06-27 23:37:50"
"refund","py_1LBO6sR5X4yZHJIqNRcbUo9U","po_1LHHAkR5X4yZHJIqgucP0IqB","2022-07-02 16:33:05","cad","-105.31","0.00","-105.31","-105.31","cad","335962","2022-06-16 19:12:07","2022-07-02 16:33:05"
"charge","py_1LFTRWR5X4yZHJIqLbDZGoN9","po_1LHejpR5X4yZHJIqk7oUhijJ","2022-07-05 00:00:00","cad","85.78","0.00","85.78","85.78","cad","335866","2022-06-28 01:42:18","2022-06-28 01:42:18"
"charge","py_1LFTS2R5X4yZHJIqwZuwwmGT","po_1LHejpR5X4yZHJIqk7oUhijJ","2022-07-05 00:00:00","cad","31.54","26.39","5.15","31.54","cad","337417","2022-06-28 01:42:51","2022-06-28 01:42:51"
"charge","py_1LFUEER5X4yZHJIqOfcomwt1","po_1LHejpR5X4yZHJIqk7oUhijJ","2022-07-05 00:00:00","cad","111.01","13.47","97.54","111.01","cad","336071","2022-06-28 02:32:38","2022-06-28 02:32:38"
"charge","py_1LFUQQR5X4yZHJIqE2dmeI82","po_1LHejpR5X4yZHJIqk7oUhijJ","2022-07-05 00:00:00","cad","31.54","31.54","0.00","31.54","cad","337426","2022-06-28 02:45:15","2022-06-28 02:45:15"
"charge","py_1LFflXR5X4yZHJIqZhjSCv9b","po_1LHejpR5X4yZHJIqk7oUhijJ","2022-07-05 00:00:00","cad","31.47","23.50","7.97","31.47","cad","337477","2022-06-28 14:51:48","2022-06-28 14:51:48"
"charge","py_1LFjQ0R5X4yZHJIqJ7CywPOW","po_1LHejpR5X4yZHJIqk7oUhijJ","2022-07-05 00:00:00","cad","18.88","0.00","18.88","18.88","cad","336167","2022-06-28 18:45:49","2022-06-28 18:45:49"
"charge","py_1LFjQVR5X4yZHJIqyNO6lOx2","po_1LHejpR5X4yZHJIqk7oUhijJ","2022-07-05 00:00:00","cad","145.21","21.56","123.65","145.21","cad","336166","2022-06-28 18:46:19","2022-06-28 18:46:19"
"charge","py_1LFjR4R5X4yZHJIqyoObft7s","po_1LHejpR5X4yZHJIqk7oUhijJ","2022-07-05 00:00:00","cad","96.74","12.31","84.43","96.74","cad","336039","2022-06-28 18:46:54","2022-06-28 18:46:54"
"charge","py_1LFkSXR5X4yZHJIqT7UR1b3o","po_1LHejpR5X4yZHJIqk7oUhijJ","2022-07-05 00:00:00","cad","18.88","0.00","18.88","18.88","cad","336294","2022-06-28 19:52:29","2022-06-28 19:52:29"
"charge","py_1LFkTLR5X4yZHJIqSSoGoUDY","po_1LHejpR5X4yZHJIqk7oUhijJ","2022-07-05 00:00:00","cad","221.87","2.43","219.44","221.87","cad","336757","2022-06-28 19:53:19","2022-06-28 19:53:19"
"charge","py_1LFlLzR5X4yZHJIq5YNfkD3S","po_1LHejpR5X4yZHJIqk7oUhijJ","2022-07-05 00:00:00","cad","31.47","23.65","7.82","31.47","cad","337521","2022-06-28 20:49:48","2022-06-28 20:49:48"
"charge","py_1LFlj1R5X4yZHJIqMBW5UWUu","po_1LHejpR5X4yZHJIqk7oUhijJ","2022-07-05 00:00:00","cad","31.47","20.85","10.62","31.47","cad","337529","2022-06-28 21:13:35","2022-06-28 21:13:35"
"charge","py_1LFmLFR5X4yZHJIqaUZEo5Rg","po_1LHejpR5X4yZHJIqk7oUhijJ","2022-07-05 00:00:00","cad","31.47","31.47","0.00","31.47","cad","337533","2022-06-28 21:53:05","2022-06-28 21:53:05"
"charge","py_1LFq99R5X4yZHJIq0A4lDt71","po_1LI0OhR5X4yZHJIq0T2sUQxq","2022-07-06 00:00:00","cad","18.92","0.00","18.92","18.92","cad","335963","2022-06-29 01:56:52","2022-06-29 01:56:52"
"charge","py_1LFwPRR5X4yZHJIqJW4YCUmk","po_1LI0OhR5X4yZHJIq0T2sUQxq","2022-07-06 00:00:00","cad","130.20","0.00","130.20","130.20","cad","336705","2022-06-29 08:38:05","2022-06-29 08:38:05"
"charge","py_1LG1goR5X4yZHJIqux3weCPA","po_1LI0OhR5X4yZHJIq0T2sUQxq","2022-07-06 00:00:00","cad","31.48","16.73","14.75","31.48","cad","337606","2022-06-29 14:16:22","2022-06-29 14:16:22"
"charge","py_1LG2dYR5X4yZHJIqfpyqoemR","po_1LI0OhR5X4yZHJIq0T2sUQxq","2022-07-06 00:00:00","cad","110.81","19.47","91.34","110.81","cad","336368","2022-06-29 15:17:04","2022-06-29 15:17:04"
"charge","py_1LG3XHR5X4yZHJIqe68xoQXb","po_1LI0OhR5X4yZHJIq0T2sUQxq","2022-07-06 00:00:00","cad","31.48","22.41","9.07","31.48","cad","337631","2022-06-29 16:14:39","2022-06-29 16:14:39"
"charge","py_1LG4TER5X4yZHJIqROW1MPys","po_1LI0OhR5X4yZHJIq0T2sUQxq","2022-07-06 00:00:00","cad","31.48","14.43","17.05","31.48","cad","337644","2022-06-29 17:14:32","2022-06-29 17:14:32"
"charge","py_1LG4qHR5X4yZHJIqxhTF2NpZ","po_1LI0OhR5X4yZHJIq0T2sUQxq","2022-07-06 00:00:00","cad","114.59","13.67","100.92","114.59","cad","336151","2022-06-29 17:38:21","2022-06-29 17:38:21"
"charge","py_1LG53OR5X4yZHJIqmBV8Nxkh","po_1LI0OhR5X4yZHJIq0T2sUQxq","2022-07-06 00:00:00","cad","31.48","1.20","30.28","31.48","cad","337649","2022-06-29 17:51:54","2022-06-29 17:51:54"
"refund","py_1LG53OR5X4yZHJIqmBV8Nxkh","po_1LI0OhR5X4yZHJIq0T2sUQxq","2022-07-06 00:00:00","cad","-31.48","0.00","-31.48","-31.48","cad","337649","2022-06-29 17:51:54","2022-06-29 17:58:16"
"charge","py_1LG5DCR5X4yZHJIqyHR8PN7V","po_1LI0OhR5X4yZHJIq0T2sUQxq","2022-07-06 00:00:00","cad","209.02","12.71","196.31","209.02","cad","336466","2022-06-29 18:02:02","2022-06-29 18:02:02"
"charge","py_1LG5r9R5X4yZHJIqR45akH2R","po_1LI0OhR5X4yZHJIq0T2sUQxq","2022-07-06 00:00:00","cad","18.89","0.00","18.89","18.89","cad","335911","2022-06-29 18:43:20","2022-06-29 18:43:20"
"charge","py_1LG61jR5X4yZHJIqdFE9ugLh","po_1LI0OhR5X4yZHJIq0T2sUQxq","2022-07-06 00:00:00","cad","211.54","23.11","188.43","211.54","cad","336696","2022-06-29 18:54:15","2022-06-29 18:54:15"
"charge","py_1LG6cVR5X4yZHJIqax6F7U7D","po_1LI0OhR5X4yZHJIq0T2sUQxq","2022-07-06 00:00:00","cad","31.48","20.85","10.63","31.48","cad","337663","2022-06-29 19:32:15","2022-06-29 19:32:15"
"charge","py_1LG6pKR5X4yZHJIqQjyE79Bt","po_1LI0OhR5X4yZHJIq0T2sUQxq","2022-07-06 00:00:00","cad","173.77","20.88","152.89","173.77","cad","336291","2022-06-29 19:45:30","2022-06-29 19:45:30"
"charge","py_1LG951R5X4yZHJIqwEo9RGGU","po_1LI0OhR5X4yZHJIq0T2sUQxq","2022-07-06 00:00:00","cad","31.48","18.93","12.55","31.48","cad","337675","2022-06-29 22:09:52","2022-06-29 22:09:52"
"charge","py_1LGAWvR5X4yZHJIqaRMRbsJX","po_1LI0OhR5X4yZHJIq0T2sUQxq","2022-07-06 00:00:00","cad","231.37","39.55","191.82","231.37","cad","336213","2022-06-29 23:42:45","2022-06-29 23:42:45"
"refund","py_1LG951R5X4yZHJIqwEo9RGGU","po_1LI0OhR5X4yZHJIq0T2sUQxq","2022-07-06 00:00:00","cad","-31.48","0.00","-31.48","-31.48","cad","337675","2022-06-29 22:09:52","2022-07-04 14:53:36"
"charge","py_1LGBmlR5X4yZHJIqhPFDYj7M","po_1LIMrKR5X4yZHJIqeug6Ptog","2022-07-07 00:00:00","cad","174.25","20.93","153.32","174.25","cad","336599","2022-06-30 01:03:12","2022-06-30 01:03:12"
"charge","py_1LGDuRR5X4yZHJIq0ZNQR8a8","po_1LIMrKR5X4yZHJIqeug6Ptog","2022-07-07 00:00:00","cad","341.30","26.38","314.92","341.30","cad","337703","2022-06-30 03:19:15","2022-06-30 03:19:15"
"charge","py_1LGEfWR5X4yZHJIqs6HpqZV7","po_1LIMrKR5X4yZHJIqeug6Ptog","2022-07-07 00:00:00","cad","174.25","23.17","151.08","174.25","cad","336660","2022-06-30 04:07:54","2022-06-30 04:07:54"
"charge","py_1LGFTRR5X4yZHJIq9mv72nGK","po_1LIMrKR5X4yZHJIqeug6Ptog","2022-07-07 00:00:00","cad","18.94","0.00","18.94","18.94","cad","336771","2022-06-30 04:59:29","2022-06-30 04:59:29"
"charge","py_1LGFvMR5X4yZHJIqDnNan8Ro","po_1LIMrKR5X4yZHJIqeug6Ptog","2022-07-07 00:00:00","cad","185.79","21.60","164.19","185.79","cad","336590","2022-06-30 05:28:20","2022-06-30 05:28:20"
"charge","py_1LGKz0R5X4yZHJIqlsYPWYf4","po_1LIMrKR5X4yZHJIqeug6Ptog","2022-07-07 00:00:00","cad","31.57","13.71","17.86","31.57","cad","337717","2022-06-30 10:52:26","2022-06-30 10:52:26"
"charge","py_1LGLf5R5X4yZHJIqSoUQsjpK","po_1LIMrKR5X4yZHJIqeug6Ptog","2022-07-07 00:00:00","cad","133.34","15.00","118.34","133.34","cad","335926","2022-06-30 11:35:55","2022-06-30 11:35:55"
"charge","py_1LGMAdR5X4yZHJIqul5DSxJH","po_1LIMrKR5X4yZHJIqeug6Ptog","2022-07-07 00:00:00","cad","18.94","0.00","18.94","18.94","cad","336259","2022-06-30 12:08:31","2022-06-30 12:08:31"
"charge","py_1LGNTBR5X4yZHJIq2DAlRWw8","po_1LIMrKR5X4yZHJIqeug6Ptog","2022-07-07 00:00:00","cad","119.49","20.18","99.31","119.49","cad","336374","2022-06-30 13:31:45","2022-06-30 13:31:45"
"charge","py_1LGRfRR5X4yZHJIqJZbY8R9T","po_1LIMrKR5X4yZHJIqeug6Ptog","2022-07-07 00:00:00","cad","387.41","23.23","364.18","387.41","cad","336132","2022-06-30 18:00:42","2022-06-30 18:00:42"
"charge","py_1LGRgUR5X4yZHJIq8mEeX2Cz","po_1LIMrKR5X4yZHJIqeug6Ptog","2022-07-07 00:00:00","cad","188.26","0.00","188.26","188.26","cad","335915","2022-06-30 18:01:46","2022-06-30 18:01:46"
"charge","py_1LGRhTR5X4yZHJIq4R3jIxjT","po_1LIMrKR5X4yZHJIqeug6Ptog","2022-07-07 00:00:00","cad","349.43","20.99","328.44","349.43","cad","336217","2022-06-30 18:02:47","2022-06-30 18:02:47"
"charge","py_1LGRhcR5X4yZHJIqA0eQXV10","po_1LIMrKR5X4yZHJIqeug6Ptog","2022-07-07 00:00:00","cad","306.39","18.46","287.93","306.39","cad","336219","2022-06-30 18:02:57","2022-06-30 18:02:57"
"charge","py_1LGTYXR5X4yZHJIqTRsNaJmJ","po_1LIMrKR5X4yZHJIqeug6Ptog","2022-07-07 00:00:00","cad","31.65","21.79","9.86","31.65","cad","337771","2022-06-30 20:01:42","2022-06-30 20:01:42"
"charge","py_1LGTliR5X4yZHJIqJ3xesAAi","po_1LIMrKR5X4yZHJIqeug6Ptog","2022-07-07 00:00:00","cad","18.99","0.00","18.99","18.99","cad","336092","2022-06-30 20:15:18","2022-06-30 20:15:18"
"charge","py_1LGUwZR5X4yZHJIqTw4ROexQ","po_1LIMrKR5X4yZHJIqeug6Ptog","2022-07-07 00:00:00","cad","18.99","0.00","18.99","18.99","cad","336783","2022-06-30 21:30:35","2022-06-30 21:30:35"
"charge","py_1LGVHJR5X4yZHJIqq6vDxNqL","po_1LIMrKR5X4yZHJIqeug6Ptog","2022-07-07 00:00:00","cad","233.12","22.49","210.63","233.12","cad","337788","2022-06-30 21:52:02","2022-06-30 21:52:02"
"charge","py_1LGVuvR5X4yZHJIqy3A6ABYS","po_1LIMrKR5X4yZHJIqeug6Ptog","2022-07-07 00:00:00","cad","31.65","18.81","12.84","31.65","cad","337790","2022-06-30 22:32:57","2022-06-30 22:32:57"
"charge","py_1LGW7sR5X4yZHJIq8AZDuYp9","po_1LIMrKR5X4yZHJIqeug6Ptog","2022-07-07 00:00:00","cad","18.99","0.00","18.99","18.99","cad","336338","2022-06-30 22:46:20","2022-06-30 22:46:20"
"refund","py_1LDkftR5X4yZHJIqzvbloneX","po_1LIMrKR5X4yZHJIqeug6Ptog","2022-07-05 16:38:17","cad","-130.85","0.00","-130.85","-130.85","cad","336776","2022-06-23 07:42:01","2022-07-05 16:38:17"
"charge","py_1LGXJSR5X4yZHJIq5fGTu2Sx","po_1LIjHuR5X4yZHJIqqhf1l2UW","2022-07-08 00:00:00","cad","321.96","18.67","303.29","321.96","cad","336002","2022-07-01 00:02:23","2022-07-01 00:02:23"
"charge","py_1LGXvjR5X4yZHJIqOHE8gYCr","po_1LIjHuR5X4yZHJIqqhf1l2UW","2022-07-08 00:00:00","cad","191.94","19.06","172.88","191.94","cad","336836","2022-07-01 00:41:55","2022-07-01 00:41:55"
"charge","py_1LGZroR5X4yZHJIqIAkneS4q","po_1LIjHuR5X4yZHJIqqhf1l2UW","2022-07-08 00:00:00","cad","18.92","0.00","18.92","18.92","cad","336118","2022-07-01 02:46:00","2022-07-01 02:46:00"
"charge","py_1LGaW6R5X4yZHJIqlgNpw3zG","po_1LIjHuR5X4yZHJIqqhf1l2UW","2022-07-08 00:00:00","cad","112.66","15.23","97.43","112.66","cad","337817","2022-07-01 03:27:38","2022-07-01 03:27:38"
"charge","py_1LGcYVR5X4yZHJIq5NFf0gii","po_1LIjHuR5X4yZHJIqqhf1l2UW","2022-07-08 00:00:00","cad","18.94","0.00","18.94","18.94","cad","336328","2022-07-01 05:38:15","2022-07-01 05:38:15"
"charge","py_1LGeodR5X4yZHJIqsTUUJL4e","po_1LIjHuR5X4yZHJIqqhf1l2UW","2022-07-08 00:00:00","cad","187.68","21.71","165.97","187.68","cad","335929","2022-07-01 08:03:03","2022-07-01 08:03:03"
"charge","py_1LGl0lR5X4yZHJIqg2NMNFAN","po_1LIjHuR5X4yZHJIqqhf1l2UW","2022-07-08 00:00:00","cad","174.87","13.85","161.02","174.87","cad","337856","2022-07-01 14:40:00","2022-07-01 14:40:00"
"charge","py_1LGlcoR5X4yZHJIqkhNx3Qzu","po_1LIjHuR5X4yZHJIqqhf1l2UW","2022-07-08 00:00:00","cad","19.01","0.00","19.01","19.01","cad","336243","2022-07-01 15:19:18","2022-07-01 15:19:18"
"charge","py_1LGmN7R5X4yZHJIqXSfEtFo0","po_1LIjHuR5X4yZHJIqqhf1l2UW","2022-07-08 00:00:00","cad","98.33","25.95","72.38","98.33","cad","336563","2022-07-01 16:07:09","2022-07-01 16:07:09"
"charge","py_1LGn8IR5X4yZHJIqwYXbEwaJ","po_1LIjHuR5X4yZHJIqqhf1l2UW","2022-07-08 00:00:00","cad","111.51","27.60","83.91","111.51","cad","336575","2022-07-01 16:55:54","2022-07-01 16:55:54"
"charge","py_1LGnp6R5X4yZHJIqUhJD9YL5","po_1LIjHuR5X4yZHJIqqhf1l2UW","2022-07-08 00:00:00","cad","19.01","0.00","19.01","19.01","cad","335950","2022-07-01 17:40:08","2022-07-01 17:40:08"
"charge","py_1LGooRR5X4yZHJIqJSsIreDq","po_1LIjHuR5X4yZHJIqqhf1l2UW","2022-07-08 00:00:00","cad","79.83","0.00","79.83","79.83","cad","336412","2022-07-01 18:43:31","2022-07-01 18:43:31"
"charge","py_1LGpuvR5X4yZHJIqMoqqKcnA","po_1LIjHuR5X4yZHJIqqhf1l2UW","2022-07-08 00:00:00","cad","250.99","21.58","229.41","250.99","cad","336763","2022-07-01 19:54:17","2022-07-01 19:54:17"
"charge","py_1LGqdyR5X4yZHJIqza2sUJYj","po_1LIjHuR5X4yZHJIqqhf1l2UW","2022-07-08 00:00:00","cad","19.01","0.00","19.01","19.01","cad","336375","2022-07-01 20:40:50","2022-07-01 20:40:50"
"charge","py_1LGsZRR5X4yZHJIqyLKPLVuI","po_1LIjHuR5X4yZHJIqqhf1l2UW","2022-07-08 00:00:00","cad","212.89","22.10","190.79","212.89","cad","337213","2022-07-01 22:44:17","2022-07-01 22:44:17"
"refund","py_1LEnEBR5X4yZHJIqLZj9u8gj","po_1LIjHuR5X4yZHJIqqhf1l2UW","2022-07-06 18:36:24","cad","-100.84","0.00","-100.84","-100.84","cad","337148","2022-06-26 04:37:43","2022-07-06 18:36:24"
"refund","py_1LFlj1R5X4yZHJIqMBW5UWUu","po_1LIjHuR5X4yZHJIqqhf1l2UW","2022-07-06 23:12:13","cad","-31.47","0.00","-31.47","-31.47","cad","337529","2022-06-28 21:13:35","2022-07-06 23:12:13"
"charge","py_1LGtlIR5X4yZHJIqVOuscWBO","po_1LJ5eLR5X4yZHJIqH3Oy4qqZ","2022-07-09 00:00:00","cad","323.71","18.93","304.78","323.71","cad","336363","2022-07-02 00:00:36","2022-07-02 00:00:36"
"charge","py_1LGwmvR5X4yZHJIqwJHETfF9","po_1LJ5eLR5X4yZHJIqH3Oy4qqZ","2022-07-09 00:00:00","cad","31.57","17.07","14.50","31.57","cad","337940","2022-07-02 03:14:29","2022-07-02 03:14:29"
"charge","py_1LGy58R5X4yZHJIqZEntmUdS","po_1LJ5eLR5X4yZHJIqH3Oy4qqZ","2022-07-09 00:00:00","cad","311.79","22.22","289.57","311.79","cad","336773","2022-07-02 04:37:22","2022-07-02 04:37:22"
"charge","py_1LH0gfR5X4yZHJIq7YABDjIf","po_1LJ5eLR5X4yZHJIqH3Oy4qqZ","2022-07-09 00:00:00","cad","31.57","19.43","12.14","31.57","cad","337948","2022-07-02 07:24:17","2022-07-02 07:24:17"
"charge","py_1LH1Z6R5X4yZHJIqtzgCTUOu","po_1LJ5eLR5X4yZHJIqH3Oy4qqZ","2022-07-09 00:00:00","cad","18.94","0.00","18.94","18.94","cad","336320","2022-07-02 08:20:33","2022-07-02 08:20:33"
"charge","py_1LH1cnR5X4yZHJIqGKIfYAGb","po_1LJ5eLR5X4yZHJIqH3Oy4qqZ","2022-07-09 00:00:00","cad","18.94","0.00","18.94","18.94","cad","336163","2022-07-02 08:24:22","2022-07-02 08:24:22"
"charge","py_1LHAeMR5X4yZHJIqOxQV8iMk","po_1LJ5eLR5X4yZHJIqH3Oy4qqZ","2022-07-09 00:00:00","cad","309.38","0.00","309.38","309.38","cad","336459","2022-07-02 18:02:34","2022-07-02 18:02:34"
"charge","py_1LHAgaR5X4yZHJIq9DylWvOc","po_1LJ5eLR5X4yZHJIqH3Oy4qqZ","2022-07-09 00:00:00","cad","301.80","18.18","283.62","301.80","cad","336096","2022-07-02 18:04:52","2022-07-02 18:04:52"
"charge","py_1LHBSpR5X4yZHJIqnOgKnJuj","po_1LJ5eLR5X4yZHJIqH3Oy4qqZ","2022-07-09 00:00:00","cad","18.94","0.00","18.94","18.94","cad","336973","2022-07-02 18:54:43","2022-07-02 18:54:43"
"charge","py_1LHCETR5X4yZHJIqkvA2Crsz","po_1LJ5eLR5X4yZHJIqH3Oy4qqZ","2022-07-09 00:00:00","cad","18.93","0.00","18.93","18.93","cad","336014","2022-07-02 19:43:57","2022-07-02 19:43:57"
"charge","py_1LHCiTR5X4yZHJIq9UhHqD2c","po_1LJ5eLR5X4yZHJIqH3Oy4qqZ","2022-07-09 00:00:00","cad","18.94","0.00","18.94","18.94","cad","337008","2022-07-02 20:14:58","2022-07-02 20:14:58"
"charge","py_1LHD2mR5X4yZHJIqSljmvCmJ","po_1LJ5eLR5X4yZHJIqH3Oy4qqZ","2022-07-09 00:00:00","cad","234.88","0.00","234.88","234.88","cad","337184","2022-07-02 20:35:56","2022-07-02 20:35:56"
"charge","py_1LHFn2R5X4yZHJIqWgbXHRn6","po_1LJ5eLR5X4yZHJIqH3Oy4qqZ","2022-07-09 00:00:00","cad","18.94","0.00","18.94","18.94","cad","335953","2022-07-02 23:31:53","2022-07-02 23:31:53"
"charge","py_1LHGF6R5X4yZHJIqHaiAnlgb","po_1LJS4FR5X4yZHJIqJPbRZYJl","2022-07-10 00:00:00","cad","662.44","38.22","624.22","662.44","cad","336041","2022-07-03 00:00:52","2022-07-03 00:00:52"
"charge","py_1LHGFNR5X4yZHJIqmWeN9eW6","po_1LJS4FR5X4yZHJIqJPbRZYJl","2022-07-10 00:00:00","cad","357.37","21.47","335.90","357.37","cad","336330","2022-07-03 00:01:09","2022-07-03 00:01:09"
"charge","py_1LHGFaR5X4yZHJIqqhfLWHE9","po_1LJS4FR5X4yZHJIqJPbRZYJl","2022-07-10 00:00:00","cad","377.29","21.77","355.52","377.29","cad","336474","2022-07-03 00:01:22","2022-07-03 00:01:22"
"charge","py_1LHHneR5X4yZHJIqfBcPisaY","po_1LJS4FR5X4yZHJIqJPbRZYJl","2022-07-10 00:00:00","cad","18.94","0.00","18.94","18.94","cad","337105","2022-07-03 01:40:38","2022-07-03 01:40:38"
"charge","py_1LHKXxR5X4yZHJIq8wvIVP4v","po_1LJS4FR5X4yZHJIqJPbRZYJl","2022-07-10 00:00:00","cad","231.77","24.21","207.56","231.77","cad","336584","2022-07-03 04:36:37","2022-07-03 04:36:37"
"charge","py_1LHLr5R5X4yZHJIqAm7huaeH","po_1LJS4FR5X4yZHJIqJPbRZYJl","2022-07-10 00:00:00","cad","294.23","17.74","276.49","294.23","cad","336211","2022-07-03 06:00:27","2022-07-03 06:00:27"
"charge","py_1LHLrrR5X4yZHJIqsZOkjjS8","po_1LJS4FR5X4yZHJIqJPbRZYJl","2022-07-10 00:00:00","cad","424.29","25.41","398.88","424.29","cad","336233","2022-07-03 06:01:15","2022-07-03 06:01:15"
"charge","py_1LHNbKR5X4yZHJIqIPq6thVf","po_1LJS4FR5X4yZHJIqJPbRZYJl","2022-07-10 00:00:00","cad","123.83","18.26","105.57","123.83","cad","336960","2022-07-03 07:52:18","2022-07-03 07:52:18"
"charge","py_1LHX6dR5X4yZHJIqgUH9pDYT","po_1LJS4FR5X4yZHJIqJPbRZYJl","2022-07-10 00:00:00","cad","372.60","21.64","350.96","372.60","cad","336703","2022-07-03 18:01:15","2022-07-03 18:01:15"
"charge","py_1LHX7kR5X4yZHJIqzzxBXE5E","po_1LJS4FR5X4yZHJIqJPbRZYJl","2022-07-10 00:00:00","cad","234.99","14.24","220.75","234.99","cad","336334","2022-07-03 18:02:24","2022-07-03 18:02:24"
"charge","py_1LHY0QR5X4yZHJIqYCaBbRAK","po_1LJS4FR5X4yZHJIqJPbRZYJl","2022-07-10 00:00:00","cad","108.65","17.46","91.19","108.65","cad","337209","2022-07-03 18:58:54","2022-07-03 18:58:54"
"charge","py_1LHZsPR5X4yZHJIqVjxqd6YM","po_1LJS4FR5X4yZHJIqJPbRZYJl","2022-07-10 00:00:00","cad","131.24","9.64","121.60","131.24","cad","338141","2022-07-03 20:58:45","2022-07-03 20:58:45"
"charge","py_1LHb3MR5X4yZHJIqEo5oeuKv","po_1LJS4FR5X4yZHJIqJPbRZYJl","2022-07-10 00:00:00","cad","18.95","0.00","18.95","18.95","cad","336447","2022-07-03 22:14:09","2022-07-03 22:14:09"
"charge","py_1LHc8WR5X4yZHJIqdEdszobS","po_1LJS4FR5X4yZHJIqJPbRZYJl","2022-07-10 00:00:00","cad","159.69","16.10","143.59","159.69","cad","337060","2022-07-03 23:23:32","2022-07-03 23:23:32"
"refund","py_1LHc8WR5X4yZHJIqdEdszobS","po_1LJS4FR5X4yZHJIqJPbRZYJl","2022-07-10 00:00:00","cad","-2.03","0.00","-2.03","-2.03","cad","337060","2022-07-03 23:23:32","2022-07-03 23:23:43"
"charge","py_1LHcigR5X4yZHJIqFPS6IatT","po_1LJorTR5X4yZHJIqK21HkC1W","2022-07-11 00:00:00","cad","523.04","31.24","491.80","523.04","cad","336596","2022-07-04 00:00:54","2022-07-04 00:00:54"
"charge","py_1LHcioR5X4yZHJIqbroeccXH","po_1LJorTR5X4yZHJIqK21HkC1W","2022-07-11 00:00:00","cad","420.43","24.17","396.26","420.43","cad","336642","2022-07-04 00:01:02","2022-07-04 00:01:02"
"charge","py_1LHckRR5X4yZHJIq5E6Ca1PJ","po_1LJorTR5X4yZHJIqK21HkC1W","2022-07-11 00:00:00","cad","223.78","12.96","210.82","223.78","cad","336295","2022-07-04 00:02:44","2022-07-04 00:02:44"
"charge","py_1LHtbvR5X4yZHJIqXTmBcDfb","po_1LJorTR5X4yZHJIqK21HkC1W","2022-07-11 00:00:00","cad","333.17","0.00","333.17","333.17","cad","336865","2022-07-04 18:03:03","2022-07-04 18:03:03"
"charge","py_1LHuEUR5X4yZHJIqSf8pN3al","po_1LJorTR5X4yZHJIqK21HkC1W","2022-07-11 00:00:00","cad","185.27","32.69","152.58","185.27","cad","338247","2022-07-04 18:42:54","2022-07-04 18:42:54"
"charge","py_1LHumHR5X4yZHJIqRUjlj5ms","po_1LJorTR5X4yZHJIqK21HkC1W","2022-07-11 00:00:00","cad","31.48","26.82","4.66","31.48","cad","338250","2022-07-04 19:17:49","2022-07-04 19:17:49"
"refund","py_1LG1goR5X4yZHJIqux3weCPA","po_1LJorTR5X4yZHJIqK21HkC1W","2022-07-09 20:28:25","cad","-12.59","0.00","-12.59","-12.59","cad","337606","2022-06-29 14:16:22","2022-07-09 20:28:25"
"charge","py_1LHzCHR5X4yZHJIqYKVFm97G","po_1LKBGRR5X4yZHJIq149wkNxc","2022-07-12 00:00:00","cad","460.09","26.42","433.67","460.09","cad","335969","2022-07-05 00:00:57","2022-07-05 00:00:57"
"charge","py_1LI4p5R5X4yZHJIq72KauXIS","po_1LKBGRR5X4yZHJIq149wkNxc","2022-07-12 00:00:00","cad","384.36","19.99","364.37","384.36","cad","336844","2022-07-05 06:01:23","2022-07-05 06:01:23"
"charge","py_1LI6SwR5X4yZHJIqSEuacUt7","po_1LKBGRR5X4yZHJIq149wkNxc","2022-07-12 00:00:00","cad","18.90","0.00","18.90","18.90","cad","337260","2022-07-05 07:46:38","2022-07-05 07:46:38"
"charge","py_1LIEkYR5X4yZHJIqF6qB8BYC","po_1LKBGRR5X4yZHJIq149wkNxc","2022-07-12 00:00:00","cad","193.21","22.11","171.10","193.21","cad","336628","2022-07-05 16:37:23","2022-07-05 16:37:23"
"charge","py_1LIFuHR5X4yZHJIq3gxE3JQV","po_1LKBGRR5X4yZHJIq149wkNxc","2022-07-12 00:00:00","cad","19.05","0.00","19.05","19.05","cad","336778","2022-07-05 17:51:29","2022-07-05 17:51:29"
"charge","py_1LIG3zR5X4yZHJIqA9CZlIuH","po_1LKBGRR5X4yZHJIq149wkNxc","2022-07-12 00:00:00","cad","191.89","0.00","191.89","191.89","cad","336920","2022-07-05 18:01:31","2022-07-05 18:01:31"
"charge","py_1LIG5vR5X4yZHJIqZyGYQllJ","po_1LKBGRR5X4yZHJIq149wkNxc","2022-07-12 00:00:00","cad","309.93","15.62","294.31","309.93","cad","337030","2022-07-05 18:03:31","2022-07-05 18:03:31"
"charge","py_1LIG69R5X4yZHJIq6kCZOCNh","po_1LKBGRR5X4yZHJIq149wkNxc","2022-07-12 00:00:00","cad","175.23","0.00","175.23","175.23","cad","337034","2022-07-05 18:03:45","2022-07-05 18:03:45"
"charge","py_1LIG6IR5X4yZHJIqJbCo5znc","po_1LKBGRR5X4yZHJIq149wkNxc","2022-07-12 00:00:00","cad","377.63","18.96","358.67","377.63","cad","337293","2022-07-05 18:03:54","2022-07-05 18:03:54"
"charge","py_1LIGh5R5X4yZHJIqhGBY0XsG","po_1LKBGRR5X4yZHJIq149wkNxc","2022-07-12 00:00:00","cad","31.74","20.79","10.95","31.74","cad","338375","2022-07-05 18:41:55","2022-07-05 18:41:55"
"charge","py_1LIGiiR5X4yZHJIqCbKJgJjY","po_1LKBGRR5X4yZHJIq149wkNxc","2022-07-12 00:00:00","cad","19.05","0.00","19.05","19.05","cad","336720","2022-07-05 18:43:36","2022-07-05 18:43:36"
"charge","py_1LIIhDR5X4yZHJIqULV3JoqC","po_1LKBGRR5X4yZHJIq149wkNxc","2022-07-12 00:00:00","cad","213.32","23.30","190.02","213.32","cad","337119","2022-07-05 20:50:11","2022-07-05 20:50:11"
"charge","py_1LIItsR5X4yZHJIqxsEZajeb","po_1LKBGRR5X4yZHJIq149wkNxc","2022-07-12 00:00:00","cad","31.74","24.00","7.74","31.74","cad","338385","2022-07-05 21:03:17","2022-07-05 21:03:17"
"charge","py_1LIJekR5X4yZHJIq98M9QPjL","po_1LKBGRR5X4yZHJIq149wkNxc","2022-07-12 00:00:00","cad","19.05","0.00","19.05","19.05","cad","336664","2022-07-05 21:51:42","2022-07-05 21:51:42"
"charge","py_1LIKQ0R5X4yZHJIq2HmtJuO6","po_1LKBGRR5X4yZHJIq149wkNxc","2022-07-12 00:00:00","cad","192.93","28.57","164.36","192.93","cad","337023","2022-07-05 22:40:32","2022-07-05 22:40:32"
"charge","py_1LILAeR5X4yZHJIqybRcinch","po_1LKBGRR5X4yZHJIq149wkNxc","2022-07-12 00:00:00","cad","31.74","25.10","6.64","31.74","cad","338410","2022-07-05 23:28:45","2022-07-05 23:28:45"
"refund","py_1LIG6IR5X4yZHJIqJbCo5znc","po_1LKBGRR5X4yZHJIq149wkNxc","2022-07-12 00:00:00","cad","-188.82","0.00","-188.82","-188.82","cad","337293","2022-07-05 18:03:54","2022-07-08 07:16:59"
"charge","py_1LIQHnR5X4yZHJIq5a1jyRvQ","po_1LKXcvR5X4yZHJIqFjYPjmMj","2022-07-13 00:00:00","cad","19.16","0.00","19.16","19.16","cad","337084","2022-07-06 04:56:27","2022-07-06 04:56:27"
"charge","py_1LIQMKR5X4yZHJIqHDD9gn91","po_1LKXcvR5X4yZHJIqFjYPjmMj","2022-07-13 00:00:00","cad","192.79","25.23","167.56","192.79","cad","337295","2022-07-06 05:01:08","2022-07-06 05:01:08"
"charge","py_1LIQOvR5X4yZHJIqi5Vfz3uu","po_1LKXcvR5X4yZHJIqFjYPjmMj","2022-07-13 00:00:00","cad","19.16","0.00","19.16","19.16","cad","337036","2022-07-06 05:03:49","2022-07-06 05:03:49"
"charge","py_1LIRIFR5X4yZHJIqUcGD5As2","po_1LKXcvR5X4yZHJIqFjYPjmMj","2022-07-13 00:00:00","cad","448.44","22.30","426.14","448.44","cad","337000","2022-07-06 06:01:00","2022-07-06 06:01:00"
"charge","py_1LITJ3R5X4yZHJIqxRmZ5gMk","po_1LKXcvR5X4yZHJIqFjYPjmMj","2022-07-13 00:00:00","cad","19.16","0.00","19.16","19.16","cad","337130","2022-07-06 08:09:57","2022-07-06 08:09:57"
"charge","py_1LITvWR5X4yZHJIqhtEbk8LM","po_1LKXcvR5X4yZHJIqFjYPjmMj","2022-07-13 00:00:00","cad","45.38","33.20","12.18","45.38","cad","338462","2022-07-06 08:49:43","2022-07-06 08:49:43"
"charge","py_1LIVr9R5X4yZHJIqZSC7M4Fl","po_1LKXcvR5X4yZHJIqFjYPjmMj","2022-07-13 00:00:00","cad","31.93","28.18","3.75","31.93","cad","338465","2022-07-06 10:53:19","2022-07-06 10:53:19"
"charge","py_1LIaEvR5X4yZHJIqlXMwocpF","po_1LKXcvR5X4yZHJIqFjYPjmMj","2022-07-13 00:00:00","cad","19.16","0.00","19.16","19.16","cad","335994","2022-07-06 15:34:10","2022-07-06 15:34:10"
"charge","py_1LIc7nR5X4yZHJIqa2cOVaYy","po_1LKXcvR5X4yZHJIqFjYPjmMj","2022-07-13 00:00:00","cad","19.16","0.00","19.16","19.16","cad","337282","2022-07-06 17:34:56","2022-07-06 17:34:56"
"charge","py_1LIc9pR5X4yZHJIq20PjCRid","po_1LKXcvR5X4yZHJIqFjYPjmMj","2022-07-13 00:00:00","cad","19.16","0.00","19.16","19.16","cad","337790","2022-07-06 17:37:01","2022-07-06 17:37:01"
"charge","py_1LId4vR5X4yZHJIqt7IhOYXO","po_1LKXcvR5X4yZHJIqFjYPjmMj","2022-07-13 00:00:00","cad","187.12","0.00","187.12","187.12","cad","337477","2022-07-06 18:36:02","2022-07-06 18:36:02"
"charge","py_1LIe2ER5X4yZHJIqUcGURJH9","po_1LKXcvR5X4yZHJIqFjYPjmMj","2022-07-13 00:00:00","cad","285.44","34.06","251.38","285.44","cad","336108","2022-07-06 19:37:18","2022-07-06 19:37:18"
"charge","py_1LIhVUR5X4yZHJIqNOfrAwdJ","po_1LKXcvR5X4yZHJIqFjYPjmMj","2022-07-13 00:00:00","cad","117.69","19.32","98.37","117.69","cad","337070","2022-07-06 23:19:45","2022-07-06 23:19:45"
"charge","py_1LIhsKR5X4yZHJIqQGIkZhk1","po_1LKXcvR5X4yZHJIqFjYPjmMj","2022-07-13 00:00:00","cad","264.13","0.00","264.13","264.13","cad","337221","2022-07-06 23:43:20","2022-07-06 23:43:20"
"charge","py_1LIht7R5X4yZHJIqjc8MbmSI","po_1LKXcvR5X4yZHJIqFjYPjmMj","2022-07-13 00:00:00","cad","244.13","21.32","222.81","244.13","cad","337141","2022-07-06 23:44:09","2022-07-06 23:44:09"
"refund","py_1LFTS2R5X4yZHJIqwZuwwmGT","po_1LKXcvR5X4yZHJIqFjYPjmMj","2022-07-11 20:18:47","cad","-31.54","0.00","-31.54","-31.54","cad","337417","2022-06-28 01:42:51","2022-07-11 20:18:47"
"refund","py_1LFJN1R5X4yZHJIqrQ4RyF2w","po_1LKXcvR5X4yZHJIqFjYPjmMj","2022-07-11 22:17:28","cad","-12.63","0.00","-12.63","-12.63","cad","337309","2022-06-27 14:56:59","2022-07-11 22:17:28"
"charge","py_1LIiAJR5X4yZHJIqYo3XHMj1","po_1LKu9sR5X4yZHJIqc7C7VDdf","2022-07-14 00:00:00","cad","563.76","28.26","535.50","563.76","cad","337218","2022-07-07 00:01:55","2022-07-07 00:01:55"
"charge","py_1LIjU9R5X4yZHJIqKPjU5xRR","po_1LKu9sR5X4yZHJIqc7C7VDdf","2022-07-14 00:00:00","cad","119.19","31.97","87.22","119.19","cad","338563","2022-07-07 01:26:29","2022-07-07 01:26:29"
"charge","py_1LIjfUR5X4yZHJIqGNrpVUfu","po_1LKu9sR5X4yZHJIqc7C7VDdf","2022-07-14 00:00:00","cad","19.17","0.00","19.17","19.17","cad","337171","2022-07-07 01:38:12","2022-07-07 01:38:12"
"charge","py_1LIv32R5X4yZHJIqTbNV4yFb","po_1LKu9sR5X4yZHJIqc7C7VDdf","2022-07-14 00:00:00","cad","19.09","0.00","19.09","19.09","cad","337230","2022-07-07 13:47:16","2022-07-07 13:47:16"
"charge","py_1LIvZKR5X4yZHJIqfJiGmlcM","po_1LKu9sR5X4yZHJIqc7C7VDdf","2022-07-14 00:00:00","cad","31.81","23.94","7.87","31.81","cad","338624","2022-07-07 14:20:38","2022-07-07 14:20:38"
"charge","py_1LJ0fYR5X4yZHJIqKBywApji","po_1LKu9sR5X4yZHJIqc7C7VDdf","2022-07-14 00:00:00","cad","124.71","0.00","124.71","124.71","cad","337312","2022-07-07 19:47:24","2022-07-07 19:47:24"
"charge","py_1LJ1bxR5X4yZHJIqWvy0pxrm","po_1LKu9sR5X4yZHJIqc7C7VDdf","2022-07-14 00:00:00","cad","122.81","28.89","93.92","122.81","cad","338663","2022-07-07 20:47:45","2022-07-07 20:47:45"
"charge","py_1LJ3Q2R5X4yZHJIqzJDtZGJn","po_1LKu9sR5X4yZHJIqc7C7VDdf","2022-07-14 00:00:00","cad","19.09","0.00","19.09","19.09","cad","337306","2022-07-07 22:43:34","2022-07-07 22:43:34"
"charge","py_1LJ4PkR5X4yZHJIqFH9mjFZg","po_1LKu9sR5X4yZHJIqc7C7VDdf","2022-07-14 00:00:00","cad","290.57","0.00","290.57","290.57","cad","337054","2022-07-07 23:47:21","2022-07-07 23:47:21"
"refund","py_1LGRfRR5X4yZHJIqJZbY8R9T","po_1LKu9sR5X4yZHJIqc7C7VDdf","2022-07-12 20:26:42","cad","-155.72","0.00","-155.72","-155.72","cad","336132","2022-06-30 18:00:42","2022-07-12 20:26:42"
"refund","py_1LDxJIR5X4yZHJIqZospmBKt","po_1LKu9sR5X4yZHJIqc7C7VDdf","2022-07-12 20:37:14","cad","-212.62","0.00","-212.62","-212.62","cad","336865","2022-06-23 21:11:32","2022-07-12 20:37:14"
"refund","py_1LHtbvR5X4yZHJIqXTmBcDfb","po_1LKu9sR5X4yZHJIqc7C7VDdf","2022-07-12 20:37:17","cad","-314.28","0.00","-314.28","-314.28","cad","336865","2022-07-04 18:03:03","2022-07-12 20:37:17"
"charge","py_1LJ4dCR5X4yZHJIqELoG2nu6","po_1LLGtJR5X4yZHJIqwJQ3PC80","2022-07-15 00:00:00","cad","213.02","0.00","213.02","213.02","cad","337208","2022-07-08 00:01:14","2022-07-08 00:01:14"
"charge","py_1LJ7iuR5X4yZHJIqOWNJIIyG","po_1LLGtJR5X4yZHJIqwJQ3PC80","2022-07-15 00:00:00","cad","31.77","18.14","13.63","31.77","cad","338694","2022-07-08 03:19:20","2022-07-08 03:19:20"
"charge","py_1LJIbfR5X4yZHJIqsqM4UODX","po_1LLGtJR5X4yZHJIqwJQ3PC80","2022-07-15 00:00:00","cad","19.10","0.00","19.10","19.10","cad","337367","2022-07-08 14:56:35","2022-07-08 14:56:35"
"charge","py_1LJKsmR5X4yZHJIql78RjrJZ","po_1LLGtJR5X4yZHJIqwJQ3PC80","2022-07-15 00:00:00","cad","203.70","10.77","192.93","203.70","cad","337701","2022-07-08 17:22:24","2022-07-08 17:22:24"
"charge","py_1LJMfpR5X4yZHJIqbnYqECkO","po_1LLGtJR5X4yZHJIqwJQ3PC80","2022-07-15 00:00:00","cad","31.83","29.40","2.43","31.83","cad","338756","2022-07-08 19:17:09","2022-07-08 19:17:09"
"refund","py_1LF5OkR5X4yZHJIq1n5ppfKG","po_1LLGtJR5X4yZHJIqwJQ3PC80","2022-07-13 03:31:13","cad","-183.18","0.00","-183.18","-183.18","cad","335907","2022-06-27 00:01:50","2022-07-13 03:31:13"
"refund","py_1LCo8aR5X4yZHJIqjq7thb7v","po_1LLGtJR5X4yZHJIqwJQ3PC80","2022-07-13 18:32:09","cad","-112.04","0.00","-112.04","-112.04","cad","336459","2022-06-20 17:11:44","2022-07-13 18:32:09"
"refund","py_1LHAeMR5X4yZHJIqOxQV8iMk","po_1LLGtJR5X4yZHJIqwJQ3PC80","2022-07-13 18:32:12","cad","-179.31","0.00","-179.31","-179.31","cad","336459","2022-07-02 18:02:34","2022-07-13 18:32:12"
"refund","py_1LETSOR5X4yZHJIqrm0RCBVw","po_1LLGtJR5X4yZHJIqwJQ3PC80","2022-07-13 19:04:03","cad","-31.58","0.00","-31.58","-31.58","cad","337027","2022-06-25 07:31:04","2022-07-13 19:04:03"
"refund","py_1LHZsPR5X4yZHJIqVjxqd6YM","po_1LLGtJR5X4yZHJIqwJQ3PC80","2022-07-13 22:49:20","cad","-112.29","0.00","-112.29","-112.29","cad","338141","2022-07-03 20:58:45","2022-07-13 22:49:20"
"charge","py_1LJR6PR5X4yZHJIqFqWpd7QB","po_1LLdASR5X4yZHJIqmfQI9p4m","2022-07-16 00:00:00","cad","378.63","19.01","359.62","378.63","cad","336806","2022-07-09 00:00:53","2022-07-09 00:00:53"
"charge","py_1LJR6XR5X4yZHJIqSPeicaHE","po_1LLdASR5X4yZHJIqmfQI9p4m","2022-07-16 00:00:00","cad","507.97","26.29","481.68","507.97","cad","336810","2022-07-09 00:01:02","2022-07-09 00:01:02"
"charge","py_1LJR6qR5X4yZHJIqJbYYo4y1","po_1LLdASR5X4yZHJIqmfQI9p4m","2022-07-16 00:00:00","cad","322.10","16.82","305.28","322.10","cad","336906","2022-07-09 00:01:20","2022-07-09 00:01:20"
"charge","py_1LJR76R5X4yZHJIqPAK23DlL","po_1LLdASR5X4yZHJIqmfQI9p4m","2022-07-16 00:00:00","cad","259.87","13.16","246.71","259.87","cad","337168","2022-07-09 00:01:37","2022-07-09 00:01:37"
"charge","py_1LJSBxR5X4yZHJIqYxOTZnwu","po_1LLdASR5X4yZHJIqmfQI9p4m","2022-07-16 00:00:00","cad","19.02","0.00","19.02","19.02","cad","337699","2022-07-09 01:10:41","2022-07-09 01:10:41"
"charge","py_1LJV3HR5X4yZHJIqvGmt3xfV","po_1LLdASR5X4yZHJIqmfQI9p4m","2022-07-16 00:00:00","cad","19.02","0.00","19.02","19.02","cad","337145","2022-07-09 04:13:55","2022-07-09 04:13:55"
"charge","py_1LJWtRR5X4yZHJIqETt1Y3Hg","po_1LLdASR5X4yZHJIqmfQI9p4m","2022-07-16 00:00:00","cad","115.37","26.05","89.32","115.37","cad","338062","2022-07-09 06:11:53","2022-07-09 06:11:53"
"charge","py_1LJed8R5X4yZHJIqE3lhRZbi","po_1LLdASR5X4yZHJIqmfQI9p4m","2022-07-16 00:00:00","cad","174.95","27.14","147.81","174.95","cad","337079","2022-07-09 14:27:34","2022-07-09 14:27:34"
"charge","py_1LJfnoR5X4yZHJIqfF4iXVXN","po_1LLdASR5X4yZHJIqmfQI9p4m","2022-07-16 00:00:00","cad","31.69","23.39","8.30","31.69","cad","338857","2022-07-09 15:42:40","2022-07-09 15:42:40"
"charge","py_1LJiGgR5X4yZHJIqgDhYkmFD","po_1LLdASR5X4yZHJIqmfQI9p4m","2022-07-16 00:00:00","cad","512.20","31.15","481.05","512.20","cad","338881","2022-07-09 18:20:38","2022-07-09 18:20:38"
"charge","py_1LJlfvR5X4yZHJIqIaxC6BAb","po_1LLdASR5X4yZHJIqmfQI9p4m","2022-07-16 00:00:00","cad","174.95","13.86","161.09","174.95","cad","338911","2022-07-09 21:58:55","2022-07-09 21:58:55"
"refund","py_1LGRfRR5X4yZHJIqJZbY8R9T","po_1LLdASR5X4yZHJIqmfQI9p4m","2022-07-14 22:56:31","cad","-18.99","0.00","-18.99","-18.99","cad","336132","2022-06-30 18:00:42","2022-07-14 22:56:31"
"refund","py_1LJR6XR5X4yZHJIqSPeicaHE","po_1LLdASR5X4yZHJIqmfQI9p4m","2022-07-16 00:00:00","cad","-338.65","0.00","-338.65","-338.65","cad","336810","2022-07-09 00:01:02","2022-07-14 22:58:50"
"charge","py_1LJnZqR5X4yZHJIq0OnAV8Ag","po_1LLzRXR5X4yZHJIq9cSpdKPC","2022-07-17 00:00:00","cad","289.13","0.00","289.13","289.13","cad","337027","2022-07-10 00:00:46","2022-07-10 00:00:46"
"charge","py_1LJsBZR5X4yZHJIqHkGjvtYf","po_1LLzRXR5X4yZHJIq9cSpdKPC","2022-07-17 00:00:00","cad","19.02","0.00","19.02","19.02","cad","337784","2022-07-10 04:56:01","2022-07-10 04:56:01"
"charge","py_1LK2ukR5X4yZHJIqWzQv71bj","po_1LLzRXR5X4yZHJIq9cSpdKPC","2022-07-17 00:00:00","cad","192.66","18.23","174.43","192.66","cad","337181","2022-07-10 16:23:22","2022-07-10 16:23:22"
"charge","py_1LK4QzR5X4yZHJIqlo7Ozp9P","po_1LLzRXR5X4yZHJIq9cSpdKPC","2022-07-17 00:00:00","cad","324.74","0.00","324.74","324.74","cad","337940","2022-07-10 18:00:45","2022-07-10 18:00:45"
"refund","py_1LJnZqR5X4yZHJIq0OnAV8Ag","po_1LLzRXR5X4yZHJIq9cSpdKPC","2022-07-17 00:00:00","cad","-161.64","0.00","-161.64","-161.64","cad","337027","2022-07-10 00:00:46","2022-07-13 19:04:07"
"refund","py_1LJiGgR5X4yZHJIqgDhYkmFD","po_1LLzRXR5X4yZHJIq9cSpdKPC","2022-07-16 00:00:00","cad","-512.20","0.00","-512.20","-512.20","cad","338881","2022-07-09 18:20:38","2022-07-15 16:22:57"
"charge","py_1LKA3hR5X4yZHJIqRhtBqZZQ","po_1LMMGCR5X4yZHJIqzN1Z6XVV","2022-07-18 00:00:00","cad","349.60","18.21","331.39","349.60","cad","337085","2022-07-11 00:01:06","2022-07-11 00:01:06"
"charge","py_1LKA42R5X4yZHJIqR3I8lS8n","po_1LMMGCR5X4yZHJIqzN1Z6XVV","2022-07-18 00:00:00","cad","461.07","23.89","437.18","461.07","cad","337197","2022-07-11 00:01:27","2022-07-11 00:01:27"
"charge","py_1LKA4LR5X4yZHJIqJGb7hDBi","po_1LMMGCR5X4yZHJIqzN1Z6XVV","2022-07-18 00:00:00","cad","515.99","0.00","515.99","515.99","cad","337417","2022-07-11 00:01:45","2022-07-11 00:01:45"
"charge","py_1LKA5ZR5X4yZHJIqkJLbkUp0","po_1LMMGCR5X4yZHJIqzN1Z6XVV","2022-07-18 00:00:00","cad","286.27","14.98","271.29","286.27","cad","337234","2022-07-11 00:03:01","2022-07-11 00:03:01"
"charge","py_1LKKh8R5X4yZHJIqhmETzhFh","po_1LMMGCR5X4yZHJIqzN1Z6XVV","2022-07-18 00:00:00","cad","31.72","27.07","4.65","31.72","cad","339097","2022-07-11 11:22:31","2022-07-11 11:22:31"
"charge","py_1LKLIFR5X4yZHJIqVLauL4zp","po_1LMMGCR5X4yZHJIqzN1Z6XVV","2022-07-18 00:00:00","cad","435.46","0.00","435.46","435.46","cad","337631","2022-07-11 12:00:51","2022-07-11 12:00:51"
"charge","py_1LKLIOR5X4yZHJIquhHgWGVf","po_1LMMGCR5X4yZHJIqzN1Z6XVV","2022-07-18 00:00:00","cad","261.41","0.00","261.41","261.41","cad","337644","2022-07-11 12:01:00","2022-07-11 12:01:00"
"charge","py_1LKRoSR5X4yZHJIqNoJQ1f0G","po_1LMMGCR5X4yZHJIqzN1Z6XVV","2022-07-18 00:00:00","cad","176.02","27.31","148.71","176.02","cad","337758","2022-07-11 18:58:33","2022-07-11 18:58:33"
"charge","py_1LKSItR5X4yZHJIqi3hidewJ","po_1LMMGCR5X4yZHJIqzN1Z6XVV","2022-07-18 00:00:00","cad","31.89","25.75","6.14","31.89","cad","339133","2022-07-11 19:29:59","2022-07-11 19:29:59"
"charge","py_1LKShQR5X4yZHJIqFt1m69ji","po_1LMMGCR5X4yZHJIqzN1Z6XVV","2022-07-18 00:00:00","cad","19.13","0.00","19.13","19.13","cad","336157","2022-07-11 19:55:20","2022-07-11 19:55:20"
"charge","py_1LKSx1R5X4yZHJIqGIYWXRYr","po_1LMMGCR5X4yZHJIqzN1Z6XVV","2022-07-18 00:00:00","cad","176.02","27.31","148.71","176.02","cad","338060","2022-07-11 20:11:27","2022-07-11 20:11:27"
"refund","py_1LKA4LR5X4yZHJIqJGb7hDBi","po_1LMMGCR5X4yZHJIqzN1Z6XVV","2022-07-18 00:00:00","cad","-158.21","0.00","-158.21","-158.21","cad","337417","2022-07-11 00:01:45","2022-07-11 20:18:50"
"charge","py_1LKTAUR5X4yZHJIqcXBumDHO","po_1LMMGCR5X4yZHJIqzN1Z6XVV","2022-07-18 00:00:00","cad","19.13","0.00","19.13","19.13","cad","337908","2022-07-11 20:25:23","2022-07-11 20:25:23"
"charge","py_1LKVb4R5X4yZHJIqKc9yJ087","po_1LMMGCR5X4yZHJIqzN1Z6XVV","2022-07-18 00:00:00","cad","19.13","0.00","19.13","19.13","cad","336303","2022-07-11 23:00:58","2022-07-11 23:00:58"
"refund","py_1LEzloR5X4yZHJIqbFng0LLr","po_1LMMGCR5X4yZHJIqzN1Z6XVV","2022-07-16 18:33:22","cad","-329.72","0.00","-329.72","-329.72","cad","335884","2022-06-26 18:01:17","2022-07-16 18:33:22"
"charge","py_1LKWXoR5X4yZHJIqbw4gP1FH","po_1LMiUIR5X4yZHJIqgY0FUOax","2022-07-19 00:00:00","cad","384.43","19.18","365.25","384.43","cad","337997","2022-07-12 00:01:40","2022-07-12 00:01:40"
"charge","py_1LKXJDR5X4yZHJIqOvk6J2WB","po_1LMiUIR5X4yZHJIqgY0FUOax","2022-07-19 00:00:00","cad","19.11","0.00","19.11","19.11","cad","337651","2022-07-12 00:50:39","2022-07-12 00:50:39"
"charge","py_1LKXVrR5X4yZHJIqGmRrYROL","po_1LMiUIR5X4yZHJIqgY0FUOax","2022-07-19 00:00:00","cad","332.45","17.35","315.10","332.45","cad","337420","2022-07-12 01:03:44","2022-07-12 01:03:44"
"charge","py_1LKZMIR5X4yZHJIqplec16oR","po_1LMiUIR5X4yZHJIqgY0FUOax","2022-07-19 00:00:00","cad","19.11","0.00","19.11","19.11","cad","338273","2022-07-12 03:01:58","2022-07-12 03:01:58"
"charge","py_1LKZX3R5X4yZHJIqURFv3XIM","po_1LMiUIR5X4yZHJIqgY0FUOax","2022-07-19 00:00:00","cad","19.11","0.00","19.11","19.11","cad","337351","2022-07-12 03:13:05","2022-07-12 03:13:05"
"charge","py_1LKc3QR5X4yZHJIqoNOjyB3R","po_1LMiUIR5X4yZHJIqgY0FUOax","2022-07-19 00:00:00","cad","19.11","0.00","19.11","19.11","cad","337406","2022-07-12 05:54:40","2022-07-12 05:54:40"
"charge","py_1LKjzVR5X4yZHJIqkmfLxAgs","po_1LMiUIR5X4yZHJIqgY0FUOax","2022-07-19 00:00:00","cad","254.63","13.01","241.62","254.63","cad","336841","2022-07-12 14:23:09","2022-07-12 14:23:09"
"charge","py_1LKlGgR5X4yZHJIqOZzhoFGs","po_1LMiUIR5X4yZHJIqgY0FUOax","2022-07-19 00:00:00","cad","235.27","11.84","223.43","235.27","cad","338045","2022-07-12 15:44:58","2022-07-12 15:44:58"
"charge","py_1LKnO6R5X4yZHJIq93K13iNl","po_1LMiUIR5X4yZHJIqgY0FUOax","2022-07-19 00:00:00","cad","417.82","0.00","417.82","417.82","cad","336901","2022-07-12 18:00:46","2022-07-12 18:00:46"
"charge","py_1LKnOgR5X4yZHJIqR2hX2DtZ","po_1LMiUIR5X4yZHJIqgY0FUOax","2022-07-19 00:00:00","cad","413.99","24.81","389.18","413.99","cad","336411","2022-07-12 18:01:22","2022-07-12 18:01:22"
"charge","py_1LKnOpR5X4yZHJIqD0cxa1qZ","po_1LMiUIR5X4yZHJIqgY0FUOax","2022-07-19 00:00:00","cad","370.77","0.00","370.77","370.77","cad","337948","2022-07-12 18:01:31","2022-07-12 18:01:31"
"charge","py_1LKnPjR5X4yZHJIqGU4cVHnm","po_1LMiUIR5X4yZHJIqgY0FUOax","2022-07-19 00:00:00","cad","371.82","19.36","352.46","371.82","cad","337781","2022-07-12 18:02:27","2022-07-12 18:02:27"
"charge","py_1LKnR9R5X4yZHJIqT7zbThct","po_1LMiUIR5X4yZHJIqgY0FUOax","2022-07-19 00:00:00","cad","386.39","0.00","386.39","386.39","cad","338375","2022-07-12 18:03:56","2022-07-12 18:03:56"
"charge","py_1LKnRqR5X4yZHJIqMfCwijwz","po_1LMiUIR5X4yZHJIqgY0FUOax","2022-07-19 00:00:00","cad","413.99","21.49","392.50","413.99","cad","337919","2022-07-12 18:04:38","2022-07-12 18:04:38"
"charge","py_1LKnUBR5X4yZHJIq1YUTTDZB","po_1LMiUIR5X4yZHJIqgY0FUOax","2022-07-19 00:00:00","cad","31.94","17.31","14.63","31.94","cad","339233","2022-07-12 18:07:04","2022-07-12 18:07:04"
"refund","py_1LKjzVR5X4yZHJIqkmfLxAgs","po_1LMiUIR5X4yZHJIqgY0FUOax","2022-07-19 00:00:00","cad","-132.73","0.00","-132.73","-132.73","cad","336841","2022-07-12 14:23:09","2022-07-12 19:03:38"
"charge","py_1LKrBGR5X4yZHJIqw5rjSvYw","po_1LMiUIR5X4yZHJIqgY0FUOax","2022-07-19 00:00:00","cad","176.33","29.96","146.37","176.33","cad","337576","2022-07-12 22:03:47","2022-07-12 22:03:47"
"charge","py_1LKrTOR5X4yZHJIqC9Q27vR0","po_1LMiUIR5X4yZHJIqgY0FUOax","2022-07-19 00:00:00","cad","176.33","18.37","157.96","176.33","cad","337861","2022-07-12 22:22:30","2022-07-12 22:22:30"
"charge","py_1LKrpiR5X4yZHJIquNTxpbIg","po_1LMiUIR5X4yZHJIqgY0FUOax","2022-07-19 00:00:00","cad","181.74","18.18","163.56","181.74","cad","337804","2022-07-12 22:45:34","2022-07-12 22:45:34"
"charge","py_1LKt0bR5X4yZHJIqHuauAs0p","po_1LN547R5X4yZHJIqhZT1BUHg","2022-07-20 00:00:00","cad","605.65","0.15","605.50","605.65","cad","337426","2022-07-13 00:00:53","2022-07-13 00:00:53"
"charge","py_1LKt1MR5X4yZHJIqS6aNQvaG","po_1LN547R5X4yZHJIqhZT1BUHg","2022-07-20 00:00:00","cad","206.99","10.94","196.05","206.99","cad","337991","2022-07-13 00:01:40","2022-07-13 00:01:40"
"charge","py_1LKtfyR5X4yZHJIqyvEzIgDf","po_1LN547R5X4yZHJIqhZT1BUHg","2022-07-20 00:00:00","cad","186.79","28.17","158.62","186.79","cad","337565","2022-07-13 00:43:39","2022-07-13 00:43:39"
"charge","py_1LKtkVR5X4yZHJIqfiR1xl8E","po_1LN547R5X4yZHJIqhZT1BUHg","2022-07-20 00:00:00","cad","228.75","17.51","211.24","228.75","cad","337571","2022-07-13 00:48:19","2022-07-13 00:48:19"
"charge","py_1LKub6R5X4yZHJIq5PHpKlfG","po_1LN547R5X4yZHJIqhZT1BUHg","2022-07-20 00:00:00","cad","19.15","0.00","19.15","19.15","cad","337414","2022-07-13 01:42:40","2022-07-13 01:42:40"
"charge","py_1LKvWKR5X4yZHJIqKkcKkDx8","po_1LN547R5X4yZHJIqhZT1BUHg","2022-07-20 00:00:00","cad","176.22","31.58","144.64","176.22","cad","336481","2022-07-13 02:41:49","2022-07-13 02:41:49"
"charge","py_1LKwFTR5X4yZHJIqKGsSTDH1","po_1LN547R5X4yZHJIqhZT1BUHg","2022-07-20 00:00:00","cad","19.17","0.00","19.17","19.17","cad","338353","2022-07-13 03:28:27","2022-07-13 03:28:27"
"charge","py_1LKwghR5X4yZHJIqYjroksMM","po_1LN547R5X4yZHJIqhZT1BUHg","2022-07-20 00:00:00","cad","19.15","0.00","19.15","19.15","cad","337215","2022-07-13 03:56:36","2022-07-13 03:56:36"
"charge","py_1LKwjXR5X4yZHJIqehgfl3Xg","po_1LN547R5X4yZHJIqhZT1BUHg","2022-07-20 00:00:00","cad","19.15","0.00","19.15","19.15","cad","337778","2022-07-13 03:59:31","2022-07-13 03:59:31"
"charge","py_1LKxR3R5X4yZHJIqz4YkMm2l","po_1LN547R5X4yZHJIqhZT1BUHg","2022-07-20 00:00:00","cad","19.15","0.00","19.15","19.15","cad","337593","2022-07-13 04:44:29","2022-07-13 04:44:29"
"charge","py_1LKyUmR5X4yZHJIqwTbtfz9b","po_1LN547R5X4yZHJIqhZT1BUHg","2022-07-20 00:00:00","cad","123.89","0.00","123.89","123.89","cad","337817","2022-07-13 05:52:25","2022-07-13 05:52:25"
"charge","py_1LL0jIR5X4yZHJIqU0i1X9zA","po_1LN547R5X4yZHJIqhZT1BUHg","2022-07-20 00:00:00","cad","19.15","0.00","19.15","19.15","cad","337687","2022-07-13 08:15:32","2022-07-13 08:15:32"
"charge","py_1LL0zER5X4yZHJIq7d76qm6c","po_1LN547R5X4yZHJIqhZT1BUHg","2022-07-20 00:00:00","cad","19.13","0.00","19.13","19.13","cad","338315","2022-07-13 08:32:00","2022-07-13 08:32:00"
"charge","py_1LL4EwR5X4yZHJIqecv9kngl","po_1LN547R5X4yZHJIqhZT1BUHg","2022-07-20 00:00:00","cad","471.18","0.00","471.18","471.18","cad","338410","2022-07-13 12:00:26","2022-07-13 12:00:26"
"charge","py_1LL6eBR5X4yZHJIq9UFUqkQg","po_1LN547R5X4yZHJIqhZT1BUHg","2022-07-20 00:00:00","cad","19.09","0.00","19.09","19.09","cad","337706","2022-07-13 14:34:39","2022-07-13 14:34:39"
"charge","py_1LL7hvR5X4yZHJIq2Ayngei5","po_1LN547R5X4yZHJIqhZT1BUHg","2022-07-20 00:00:00","cad","19.09","0.00","19.09","19.09","cad","337984","2022-07-13 15:42:35","2022-07-13 15:42:35"
"charge","py_1LL8gGR5X4yZHJIq67rX5F8S","po_1LN547R5X4yZHJIqhZT1BUHg","2022-07-20 00:00:00","cad","186.20","21.72","164.48","186.20","cad","336480","2022-07-13 16:44:57","2022-07-13 16:44:57"
"refund","py_1LKvWKR5X4yZHJIqKkcKkDx8","po_1LN547R5X4yZHJIqhZT1BUHg","2022-07-20 00:00:00","cad","-132.80","0.00","-132.80","-132.80","cad","336481","2022-07-13 02:41:49","2022-07-13 17:32:01"
"charge","py_1LL9UYR5X4yZHJIqi5WEHfaU","po_1LN547R5X4yZHJIqhZT1BUHg","2022-07-20 00:00:00","cad","180.01","20.02","159.99","180.01","cad","338001","2022-07-13 17:36:54","2022-07-13 17:36:54"
"charge","py_1LL9UmR5X4yZHJIqLKAIpFQ6","po_1LN547R5X4yZHJIqhZT1BUHg","2022-07-20 00:00:00","cad","19.09","0.00","19.09","19.09","cad","336594","2022-07-13 17:37:08","2022-07-13 17:37:08"
"charge","py_1LL9WmR5X4yZHJIqRDV8rXor","po_1LN547R5X4yZHJIqhZT1BUHg","2022-07-20 00:00:00","cad","103.89","0.00","103.89","103.89","cad","337717","2022-07-13 17:39:12","2022-07-13 17:39:12"
"charge","py_1LL9bMR5X4yZHJIqUFuP0Bmk","po_1LN547R5X4yZHJIqhZT1BUHg","2022-07-20 00:00:00","cad","19.09","0.00","19.09","19.09","cad","336949","2022-07-13 17:43:56","2022-07-13 17:43:56"
"charge","py_1LL9rgR5X4yZHJIqCSznlD7B","po_1LN547R5X4yZHJIqhZT1BUHg","2022-07-20 00:00:00","cad","421.32","21.88","399.44","421.32","cad","337960","2022-07-13 18:00:48","2022-07-13 18:00:48"
"charge","py_1LL9tIR5X4yZHJIqzAYbqsqb","po_1LN547R5X4yZHJIqhZT1BUHg","2022-07-20 00:00:00","cad","507.88","26.28","481.60","507.88","cad","337098","2022-07-13 18:02:28","2022-07-13 18:02:28"
"charge","py_1LL9tQR5X4yZHJIqgO92hzvV","po_1LN547R5X4yZHJIqhZT1BUHg","2022-07-20 00:00:00","cad","377.69","18.98","358.71","377.69","cad","338129","2022-07-13 18:02:36","2022-07-13 18:02:36"
"charge","py_1LLAXgR5X4yZHJIqfESO0izn","po_1LN547R5X4yZHJIqhZT1BUHg","2022-07-20 00:00:00","cad","19.09","0.00","19.09","19.09","cad","337892","2022-07-13 18:44:12","2022-07-13 18:44:12"
"charge","py_1LLCKnR5X4yZHJIqv13BskBF","po_1LN547R5X4yZHJIqhZT1BUHg","2022-07-20 00:00:00","cad","175.66","24.01","151.65","175.66","cad","337463","2022-07-13 20:39:02","2022-07-13 20:39:02"
"charge","py_1LLCPCR5X4yZHJIqIjtVMtcG","po_1LN547R5X4yZHJIqhZT1BUHg","2022-07-20 00:00:00","cad","169.29","26.28","143.01","169.29","cad","338348","2022-07-13 20:43:35","2022-07-13 20:43:35"
"charge","py_1LLCR3R5X4yZHJIqXwqYT45J","po_1LN547R5X4yZHJIqhZT1BUHg","2022-07-20 00:00:00","cad","19.11","0.00","19.11","19.11","cad","337539","2022-07-13 20:45:29","2022-07-13 20:45:29"
"charge","py_1LLDMoR5X4yZHJIqWSrcto5w","po_1LN547R5X4yZHJIqhZT1BUHg","2022-07-20 00:00:00","cad","19.09","0.00","19.09","19.09","cad","338072","2022-07-13 21:45:10","2022-07-13 21:45:10"
"charge","py_1LLDNeR5X4yZHJIqPY0m5ZLx","po_1LN547R5X4yZHJIqhZT1BUHg","2022-07-20 00:00:00","cad","19.09","0.00","19.09","19.09","cad","336220","2022-07-13 21:46:02","2022-07-13 21:46:02"
"charge","py_1LLDUyR5X4yZHJIqneqjuhTm","po_1LN547R5X4yZHJIqhZT1BUHg","2022-07-20 00:00:00","cad","19.11","0.00","19.11","19.11","cad","338386","2022-07-13 21:53:36","2022-07-13 21:53:36"
"charge","py_1LLEMbR5X4yZHJIqAkZsEgVO","po_1LN547R5X4yZHJIqhZT1BUHg","2022-07-20 00:00:00","cad","213.84","20.25","193.59","213.84","cad","337591","2022-07-13 22:49:02","2022-07-13 22:49:02"
"charge","py_1LLEPNR5X4yZHJIqsF6ZQv3N","po_1LN547R5X4yZHJIqhZT1BUHg","2022-07-20 00:00:00","cad","19.09","0.00","19.09","19.09","cad","338346","2022-07-13 22:51:53","2022-07-13 22:51:53"
"refund","py_1LL9UmR5X4yZHJIqLKAIpFQ6","po_1LN547R5X4yZHJIqhZT1BUHg","2022-07-20 00:00:00","cad","-19.09","0.00","-19.09","-19.09","cad","336594","2022-07-13 17:37:08","2022-07-14 02:55:42"
"refund","py_1LCPYSR5X4yZHJIquDS70dTs","po_1LN547R5X4yZHJIqhZT1BUHg","2022-07-18 18:31:29","cad","-114.68","0.00","-114.68","-114.68","cad","336338","2022-06-19 14:56:49","2022-07-18 18:31:29"
"refund","py_1LJWtRR5X4yZHJIqETt1Y3Hg","po_1LN547R5X4yZHJIqhZT1BUHg","2022-07-18 18:46:31","cad","-11.54","0.00","-11.54","-11.54","cad","338062","2022-07-09 06:11:53","2022-07-18 18:46:31"
"refund","py_1LHGFaR5X4yZHJIqqhfLWHE9","po_1LN547R5X4yZHJIqhZT1BUHg","2022-07-18 22:33:17","cad","-358.35","0.00","-358.35","-358.35","cad","336474","2022-07-03 00:01:22","2022-07-18 22:33:17"
"refund","py_1LKA5ZR5X4yZHJIqkJLbkUp0","po_1LN547R5X4yZHJIqhZT1BUHg","2022-07-18 22:36:17","cad","-92.47","0.00","-92.47","-92.47","cad","337234","2022-07-11 00:03:01","2022-07-18 22:36:17"
"charge","py_1LLFTyR5X4yZHJIqa5zW57W6","po_1LNRRkR5X4yZHJIqvdX6op64","2022-07-21 00:00:00","cad","338.57","17.08","321.49","338.57","cad","337413","2022-07-14 00:00:42","2022-07-14 00:00:42"
"charge","py_1LLFUzR5X4yZHJIqTm0it1Xd","po_1LNRRkR5X4yZHJIqvdX6op64","2022-07-21 00:00:00","cad","514.24","26.60","487.64","514.24","cad","338020","2022-07-14 00:01:45","2022-07-14 00:01:45"
"charge","py_1LLFVYR5X4yZHJIq0cYl4ZSA","po_1LNRRkR5X4yZHJIqvdX6op64","2022-07-21 00:00:00","cad","514.24","26.60","487.64","514.24","cad","338295","2022-07-14 00:02:20","2022-07-14 00:02:20"
"charge","py_1LLFViR5X4yZHJIqt7WXOnnM","po_1LNRRkR5X4yZHJIqvdX6op64","2022-07-21 00:00:00","cad","331.20","0.00","331.20","331.20","cad","337788","2022-07-14 00:02:30","2022-07-14 00:02:30"
"charge","py_1LLKy8R5X4yZHJIqbXfESIP2","po_1LNRRkR5X4yZHJIqvdX6op64","2022-07-21 00:00:00","cad","193.84","15.84","178.00","193.84","cad","337879","2022-07-14 05:52:12","2022-07-14 05:52:12"
"charge","py_1LLL2CR5X4yZHJIq91bfs6gD","po_1LNRRkR5X4yZHJIqvdX6op64","2022-07-21 00:00:00","cad","19.11","0.00","19.11","19.11","cad","338250","2022-07-14 05:56:24","2022-07-14 05:56:24"
"charge","py_1LLNGIR5X4yZHJIqvdkU0Q1C","po_1LNRRkR5X4yZHJIqvdX6op64","2022-07-21 00:00:00","cad","243.83","18.64","225.19","243.83","cad","338533","2022-07-14 08:19:06","2022-07-14 08:19:06"
"charge","py_1LLVBxR5X4yZHJIqAfcSDEZO","po_1LNRRkR5X4yZHJIqvdX6op64","2022-07-21 00:00:00","cad","68.24","0.00","68.24","68.24","cad","338563","2022-07-14 16:47:10","2022-07-14 16:47:10"
"charge","py_1LLWLFR5X4yZHJIqWpdCp3vn","po_1LNRRkR5X4yZHJIqvdX6op64","2022-07-21 00:00:00","cad","381.14","19.18","361.96","381.14","cad","338255","2022-07-14 18:00:49","2022-07-14 18:00:49"
"charge","py_1LLWRXR5X4yZHJIqSNfcvS8O","po_1LNRRkR5X4yZHJIqvdX6op64","2022-07-21 00:00:00","cad","177.68","27.57","150.11","177.68","cad","337999","2022-07-14 18:07:19","2022-07-14 18:07:19"
"charge","py_1LLXDXR5X4yZHJIqJ3nhHG2F","po_1LNRRkR5X4yZHJIqvdX6op64","2022-07-21 00:00:00","cad","229.18","18.52","210.66","229.18","cad","337981","2022-07-14 18:56:55","2022-07-14 18:56:55"
"charge","py_1LLaqRR5X4yZHJIq8FrCmMRC","po_1LNRRkR5X4yZHJIqvdX6op64","2022-07-21 00:00:00","cad","19.31","0.00","19.31","19.31","cad","337988","2022-07-14 22:49:19","2022-07-14 22:49:19"
"charge","py_1LLb3PR5X4yZHJIqA8lVBuHZ","po_1LNRRkR5X4yZHJIqvdX6op64","2022-07-21 00:00:00","cad","119.30","20.88","98.42","119.30","cad","338257","2022-07-14 23:02:43","2022-07-14 23:02:43"
"charge","py_1LLbm4R5X4yZHJIqLS68171m","po_1LNRRkR5X4yZHJIqvdX6op64","2022-07-21 00:00:00","cad","320.48","37.45","283.03","320.48","cad","338237","2022-07-14 23:48:52","2022-07-14 23:48:52"
"charge","py_1LLbmUR5X4yZHJIq86Mi01tZ","po_1LNRRkR5X4yZHJIqvdX6op64","2022-07-21 00:00:00","cad","19.31","0.00","19.31","19.31","cad","338541","2022-07-14 23:49:18","2022-07-14 23:49:18"
"refund","py_1LJ1bxR5X4yZHJIqWvy0pxrm","po_1LNRRkR5X4yZHJIqvdX6op64","2022-07-19 11:34:35","cad","-1.46","0.00","-1.46","-1.46","cad","338663","2022-07-07 20:47:45","2022-07-19 11:34:35"
"refund","py_1LGtlIR5X4yZHJIqVOuscWBO","po_1LNRRkR5X4yZHJIqvdX6op64","2022-07-19 15:42:51","cad","-304.70","0.00","-304.70","-304.70","cad","336363","2022-07-02 00:00:36","2022-07-19 15:42:51"
"charge","py_1LLdl9R5X4yZHJIqH6earaOO","po_1LNo48R5X4yZHJIq9yZX7EwS","2022-07-22 00:00:00","cad","115.65","16.49","99.16","115.65","cad","338415","2022-07-15 01:56:03","2022-07-15 01:56:03"
"charge","py_1LLdtrR5X4yZHJIqNWPzTdSk","po_1LNo48R5X4yZHJIq9yZX7EwS","2022-07-22 00:00:00","cad","19.28","0.00","19.28","19.28","cad","337921","2022-07-15 02:05:03","2022-07-15 02:05:03"
"charge","py_1LLgNeR5X4yZHJIqZ0ZPEmb7","po_1LNo48R5X4yZHJIq9yZX7EwS","2022-07-22 00:00:00","cad","232.10","23.25","208.85","232.10","cad","337776","2022-07-15 04:43:59","2022-07-15 04:43:59"
"charge","py_1LLqhqR5X4yZHJIqIwQuKGpU","po_1LNo48R5X4yZHJIq9yZX7EwS","2022-07-22 00:00:00","cad","232.96","0.00","232.96","232.96","cad","338624","2022-07-15 15:45:30","2022-07-15 15:45:30"
"charge","py_1LLuJMR5X4yZHJIqxZiDlN2T","po_1LNo48R5X4yZHJIq9yZX7EwS","2022-07-22 00:00:00","cad","287.15","32.52","254.63","287.15","cad","338699","2022-07-15 19:36:28","2022-07-15 19:36:28"
"charge","py_1LLwAsR5X4yZHJIqFs6RfGXv","po_1LNo48R5X4yZHJIq9yZX7EwS","2022-07-22 00:00:00","cad","176.78","18.42","158.36","176.78","cad","337509","2022-07-15 21:35:50","2022-07-15 21:35:50"
"charge","py_1LLx7DR5X4yZHJIqCcOHqLWx","po_1LNo48R5X4yZHJIq9yZX7EwS","2022-07-22 00:00:00","cad","187.38","22.20","165.18","187.38","cad","338396","2022-07-15 22:36:08","2022-07-15 22:36:08"
"charge","py_1LLx7RR5X4yZHJIqoDC1SXA7","po_1LNo48R5X4yZHJIq9yZX7EwS","2022-07-22 00:00:00","cad","2.22","0.00","2.22","2.22","cad","338396","2022-07-15 22:36:21","2022-07-15 22:36:21"
"charge","py_1LLx85R5X4yZHJIqeSoDluF9","po_1LNo48R5X4yZHJIq9yZX7EwS","2022-07-22 00:00:00","cad","193.69","20.14","173.55","193.69","cad","338139","2022-07-15 22:37:01","2022-07-15 22:37:01"
"charge","py_1LLxEGR5X4yZHJIq3FMw1HbU","po_1LNo48R5X4yZHJIq9yZX7EwS","2022-07-22 00:00:00","cad","204.96","16.46","188.50","204.96","cad","338115","2022-07-15 22:43:24","2022-07-15 22:43:24"
"charge","py_1LLxTCR5X4yZHJIqteU1qc8U","po_1LNo48R5X4yZHJIq9yZX7EwS","2022-07-22 00:00:00","cad","121.69","12.80","108.89","121.69","cad","338874","2022-07-15 22:58:51","2022-07-15 22:58:51"
"charge","py_1LLy2jR5X4yZHJIqKVjMpmrb","po_1LNo48R5X4yZHJIq9yZX7EwS","2022-07-22 00:00:00","cad","176.78","24.49","152.29","176.78","cad","337501","2022-07-15 23:35:33","2022-07-15 23:35:33"
"refund","py_1LJR6PR5X4yZHJIqFqWpd7QB","po_1LNo48R5X4yZHJIq9yZX7EwS","2022-07-20 20:39:41","cad","-170.22","0.00","-170.22","-170.22","cad","336806","2022-07-09 00:00:53","2022-07-20 20:39:41"
"refund","py_1LLFUzR5X4yZHJIqTm0it1Xd","po_1LNo48R5X4yZHJIq9yZX7EwS","2022-07-21 00:00:00","cad","-86.56","0.00","-86.56","-86.56","cad","338020","2022-07-14 00:01:45","2022-07-20 20:47:40"
"charge","py_1LLyQoR5X4yZHJIqbctBaQG2","po_1LOAHzR5X4yZHJIqar5HIl4X","2022-07-23 00:00:00","cad","660.33","32.73","627.60","660.33","cad","337814","2022-07-16 00:00:26","2022-07-16 00:00:26"
"charge","py_1LLzuuR5X4yZHJIqsMQCbkVR","po_1LOAHzR5X4yZHJIqar5HIl4X","2022-07-23 00:00:00","cad","19.16","0.00","19.16","19.16","cad","338580","2022-07-16 01:35:36","2022-07-16 01:35:36"
"charge","py_1LM6drR5X4yZHJIqVTEg3c2i","po_1LOAHzR5X4yZHJIqar5HIl4X","2022-07-23 00:00:00","cad","176.25","29.30","146.95","176.25","cad","337569","2022-07-16 08:46:27","2022-07-16 08:46:27"
"charge","py_1LMCDoR5X4yZHJIqFKFiuf1D","po_1LOAHzR5X4yZHJIqar5HIl4X","2022-07-23 00:00:00","cad","112.39","17.13","95.26","112.39","cad","337572","2022-07-16 14:43:57","2022-07-16 14:43:57"
"charge","py_1LME6iR5X4yZHJIq5zOgEs8b","po_1LOAHzR5X4yZHJIqar5HIl4X","2022-07-23 00:00:00","cad","193.11","0.00","193.11","193.11","cad","339097","2022-07-16 16:44:44","2022-07-16 16:44:44"
"charge","py_1LMFIxR5X4yZHJIqo8a3N3E4","po_1LOAHzR5X4yZHJIqar5HIl4X","2022-07-23 00:00:00","cad","349.29","0.00","349.29","349.29","cad","337703","2022-07-16 18:01:27","2022-07-16 18:01:27"
"charge","py_1LMFJWR5X4yZHJIqGw9GGxxJ","po_1LOAHzR5X4yZHJIqar5HIl4X","2022-07-23 00:00:00","cad","435.14","21.57","413.57","435.14","cad","338597","2022-07-16 18:02:02","2022-07-16 18:02:02"
"charge","py_1LMFJfR5X4yZHJIqmGQbP2f6","po_1LOAHzR5X4yZHJIqar5HIl4X","2022-07-23 00:00:00","cad","396.29","19.99","376.30","396.29","cad","337574","2022-07-16 18:02:11","2022-07-16 18:02:11"
"charge","py_1LMGuxR5X4yZHJIqhrdp375y","po_1LOAHzR5X4yZHJIqar5HIl4X","2022-07-23 00:00:00","cad","187.71","15.80","171.91","187.71","cad","338896","2022-07-16 19:44:47","2022-07-16 19:44:47"
"charge","py_1LMI8RR5X4yZHJIqbsD6ljNz","po_1LOAHzR5X4yZHJIqar5HIl4X","2022-07-23 00:00:00","cad","19.16","0.00","19.16","19.16","cad","338825","2022-07-16 21:02:47","2022-07-16 21:02:47"
"charge","py_1LMIleR5X4yZHJIqs0fQxpwm","po_1LOAHzR5X4yZHJIqar5HIl4X","2022-07-23 00:00:00","cad","19.16","0.00","19.16","19.16","cad","337532","2022-07-16 21:43:18","2022-07-16 21:43:18"
"charge","py_1LMInvR5X4yZHJIqwRl6TEbB","po_1LOAHzR5X4yZHJIqar5HIl4X","2022-07-23 00:00:00","cad","19.16","0.00","19.16","19.16","cad","338438","2022-07-16 21:45:39","2022-07-16 21:45:39"
"charge","py_1LMJqMR5X4yZHJIq0rPHFR8l","po_1LOAHzR5X4yZHJIqar5HIl4X","2022-07-23 00:00:00","cad","19.16","0.00","19.16","19.16","cad","339189","2022-07-16 22:52:14","2022-07-16 22:52:14"
"charge","py_1LMKuvR5X4yZHJIqSrU4QaHl","po_1LOWl1R5X4yZHJIqdD7M2Wyn","2022-07-24 00:00:00","cad","366.68","18.34","348.34","366.68","cad","338508","2022-07-17 00:01:02","2022-07-17 00:01:02"
"charge","py_1LMOm8R5X4yZHJIqMU3HSFRE","po_1LOWl1R5X4yZHJIqdD7M2Wyn","2022-07-24 00:00:00","cad","216.29","19.92","196.37","216.29","cad","338111","2022-07-17 04:08:12","2022-07-17 04:08:12"
"charge","py_1LMVQXR5X4yZHJIqRs2rP4En","po_1LOWl1R5X4yZHJIqdD7M2Wyn","2022-07-24 00:00:00","cad","123.07","12.40","110.67","123.07","cad","338345","2022-07-17 11:14:21","2022-07-17 11:14:21"
"charge","py_1LMhNxR5X4yZHJIqYrOD2juO","po_1LOtdrR5X4yZHJIqADb0MY5A","2022-07-25 00:00:00","cad","409.78","20.33","389.45","409.78","cad","338368","2022-07-18 00:00:29","2022-07-18 00:00:29"
"charge","py_1LMwyNR5X4yZHJIqCB6CIEtl","po_1LOtdrR5X4yZHJIqADb0MY5A","2022-07-25 00:00:00","cad","252.69","22.13","230.56","252.69","cad","338311","2022-07-18 16:39:08","2022-07-18 16:39:08"
"charge","py_1LMyHVR5X4yZHJIqhoJScXn9","po_1LOtdrR5X4yZHJIqADb0MY5A","2022-07-25 00:00:00","cad","239.61","12.06","227.55","239.61","cad","338884","2022-07-18 18:02:58","2022-07-18 18:02:58"
"charge","py_1LMz6SR5X4yZHJIqXnLrouYH","po_1LOtdrR5X4yZHJIqADb0MY5A","2022-07-25 00:00:00","cad","19.09","0.00","19.09","19.09","cad","338986","2022-07-18 18:55:36","2022-07-18 18:55:36"
"refund","py_1LMhNxR5X4yZHJIqYrOD2juO","po_1LOtdrR5X4yZHJIqADb0MY5A","2022-07-25 00:00:00","cad","-106.03","0.00","-106.03","-106.03","cad","338368","2022-07-18 00:00:29","2022-07-18 19:20:46"
"charge","py_1LN0fGR5X4yZHJIqvKFnoi4e","po_1LOtdrR5X4yZHJIqADb0MY5A","2022-07-25 00:00:00","cad","19.09","0.00","19.09","19.09","cad","338656","2022-07-18 20:35:38","2022-07-18 20:35:38"
"refund","py_1LMwyNR5X4yZHJIqCB6CIEtl","po_1LOtdrR5X4yZHJIqADb0MY5A","2022-07-25 00:00:00","cad","-119.56","0.00","-119.56","-119.56","cad","338311","2022-07-18 16:39:08","2022-07-18 20:40:06"
"charge","py_1LN0nuR5X4yZHJIqpSEropg6","po_1LOtdrR5X4yZHJIqADb0MY5A","2022-07-25 00:00:00","cad","175.62","27.25","148.37","175.62","cad","338778","2022-07-18 20:44:34","2022-07-18 20:44:34"
"charge","py_1LN2KcR5X4yZHJIq94yRlfpc","po_1LOtdrR5X4yZHJIqADb0MY5A","2022-07-25 00:00:00","cad","126.68","12.76","113.92","126.68","cad","338819","2022-07-18 22:22:26","2022-07-18 22:22:26"
"refund","py_1LFUQQR5X4yZHJIqE2dmeI82","po_1LOtdrR5X4yZHJIqADb0MY5A","2022-07-23 18:33:05","cad","-31.54","0.00","-31.54","-31.54","cad","337426","2022-06-28 02:45:15","2022-07-23 18:33:05"
"refund","py_1LKt0bR5X4yZHJIqHuauAs0p","po_1LOtdrR5X4yZHJIqADb0MY5A","2022-07-23 18:33:09","cad","-573.71","0.00","-573.71","-573.71","cad","337426","2022-07-13 00:00:53","2022-07-23 18:33:09"
"charge","py_1LN3rxR5X4yZHJIqoaEnuhoZ","po_1LPFqJR5X4yZHJIqvtI0IO3s","2022-07-26 00:00:00","cad","388.15","20.18","367.97","388.15","cad","338531","2022-07-19 00:00:57","2022-07-19 00:00:57"
"charge","py_1LN4NWR5X4yZHJIqHW1z4bmH","po_1LPFqJR5X4yZHJIqvtI0IO3s","2022-07-26 00:00:00","cad","19.08","0.00","19.08","19.08","cad","338855","2022-07-19 00:33:34","2022-07-19 00:33:34"
"charge","py_1LN8B1R5X4yZHJIqNzrPWDKW","po_1LPFqJR5X4yZHJIqvtI0IO3s","2022-07-26 00:00:00","cad","19.10","0.00","19.10","19.10","cad","338680","2022-07-19 04:36:55","2022-07-19 04:36:55"
"charge","py_1LNBsNR5X4yZHJIq5X6DWLED","po_1LPFqJR5X4yZHJIqvtI0IO3s","2022-07-26 00:00:00","cad","19.08","0.00","19.08","19.08","cad","338245","2022-07-19 08:33:55","2022-07-19 08:33:55"
"charge","py_1LNC2sR5X4yZHJIq7dXcyvYa","po_1LPFqJR5X4yZHJIqvtI0IO3s","2022-07-26 00:00:00","cad","19.08","0.00","19.08","19.08","cad","338952","2022-07-19 08:44:46","2022-07-19 08:44:46"
"charge","py_1LNC4bR5X4yZHJIqEu70b98s","po_1LPFqJR5X4yZHJIqvtI0IO3s","2022-07-26 00:00:00","cad","188.29","18.96","169.33","188.29","cad","339188","2022-07-19 08:46:33","2022-07-19 08:46:33"
"charge","py_1LNEh2R5X4yZHJIqAGuuPyXz","po_1LPFqJR5X4yZHJIqvtI0IO3s","2022-07-26 00:00:00","cad","19.07","0.00","19.07","19.07","cad","338663","2022-07-19 11:34:24","2022-07-19 11:34:24"
"charge","py_1LNHWBR5X4yZHJIqehYWlUUn","po_1LPFqJR5X4yZHJIqvtI0IO3s","2022-07-26 00:00:00","cad","19.02","0.00","19.02","19.02","cad","338763","2022-07-19 14:35:23","2022-07-19 14:35:23"
"charge","py_1LNJMRR5X4yZHJIq2MRcCo60","po_1LPFqJR5X4yZHJIqvtI0IO3s","2022-07-26 00:00:00","cad","19.02","0.00","19.02","19.02","cad","338857","2022-07-19 16:33:27","2022-07-19 16:33:27"
"charge","py_1LNKWCR5X4yZHJIqnYlinDSN","po_1LPFqJR5X4yZHJIqvtI0IO3s","2022-07-26 00:00:00","cad","19.02","0.00","19.02","19.02","cad","338911","2022-07-19 17:47:36","2022-07-19 17:47:36"
"charge","py_1LNKkwR5X4yZHJIqEoVb1LDI","po_1LPFqJR5X4yZHJIqvtI0IO3s","2022-07-26 00:00:00","cad","209.22","11.06","198.16","209.22","cad","339059","2022-07-19 18:02:51","2022-07-19 18:02:51"
"charge","py_1LNMAzR5X4yZHJIq3zB2diUL","po_1LPFqJR5X4yZHJIqvtI0IO3s","2022-07-26 00:00:00","cad","19.02","0.00","19.02","19.02","cad","338746","2022-07-19 19:33:49","2022-07-19 19:33:49"
"charge","py_1LNMCER5X4yZHJIqjdQnceSC","po_1LPFqJR5X4yZHJIqvtI0IO3s","2022-07-26 00:00:00","cad","19.02","0.00","19.02","19.02","cad","338928","2022-07-19 19:35:06","2022-07-19 19:35:06"
"charge","py_1LNQ5BR5X4yZHJIq5nWEZF3t","po_1LPFqJR5X4yZHJIqvtI0IO3s","2022-07-26 00:00:00","cad","19.02","0.00","19.02","19.02","cad","338684","2022-07-19 23:44:05","2022-07-19 23:44:05"
"charge","py_1LNQMVR5X4yZHJIqBTLwcl88","po_1LPcOgR5X4yZHJIqCOVJbdLw","2022-07-27 00:00:00","cad","211.06","10.69","200.37","211.06","cad","339091","2022-07-20 00:01:59","2022-07-20 00:01:59"
"charge","py_1LNUvOR5X4yZHJIq9BK5DPDt","po_1LPcOgR5X4yZHJIqCOVJbdLw","2022-07-27 00:00:00","cad","291.44","30.10","261.34","291.44","cad","338792","2022-07-20 04:54:18","2022-07-20 04:54:18"
"charge","py_1LNdnZR5X4yZHJIqdGcKajrw","po_1LPcOgR5X4yZHJIqCOVJbdLw","2022-07-27 00:00:00","cad","228.57","24.75","203.82","228.57","cad","339820","2022-07-20 14:22:49","2022-07-20 14:22:49"
"charge","py_1LNetHR5X4yZHJIqHbKvq2yA","po_1LPcOgR5X4yZHJIqCOVJbdLw","2022-07-27 00:00:00","cad","123.60","32.59","91.01","123.60","cad","339829","2022-07-20 15:32:47","2022-07-20 15:32:47"
"charge","py_1LNf7UR5X4yZHJIqWnIrlGHM","po_1LPcOgR5X4yZHJIqCOVJbdLw","2022-07-27 00:00:00","cad","234.88","17.58","217.30","234.88","cad","338760","2022-07-20 15:47:28","2022-07-20 15:47:28"
"charge","py_1LNfZBR5X4yZHJIqce9UTfcZ","po_1LPcOgR5X4yZHJIqCOVJbdLw","2022-07-27 00:00:00","cad","18.94","0.00","18.94","18.94","cad","338659","2022-07-20 16:16:05","2022-07-20 16:16:05"
"charge","py_1LNg84R5X4yZHJIqqTpYuJDk","po_1LPcOgR5X4yZHJIqCOVJbdLw","2022-07-27 00:00:00","cad","31.57","22.78","8.79","31.57","cad","339847","2022-07-20 16:52:08","2022-07-20 16:52:08"
"charge","py_1LNhC8R5X4yZHJIquX0gyE60","po_1LPcOgR5X4yZHJIqCOVJbdLw","2022-07-27 00:00:00","cad","424.30","22.02","402.28","424.30","cad","338948","2022-07-20 18:00:24","2022-07-20 18:00:24"
"charge","py_1LNhFOR5X4yZHJIq0fNPXype","po_1LPcOgR5X4yZHJIqCOVJbdLw","2022-07-27 00:00:00","cad","311.91","16.29","295.62","311.91","cad","339176","2022-07-20 18:03:47","2022-07-20 18:03:47"
"charge","py_1LNiqGR5X4yZHJIqnz4p6UWm","po_1LPcOgR5X4yZHJIqCOVJbdLw","2022-07-27 00:00:00","cad","164.80","0.00","164.80","164.80","cad","338694","2022-07-20 19:45:56","2022-07-20 19:45:56"
"charge","py_1LNkWCR5X4yZHJIqufJycU5s","po_1LPcOgR5X4yZHJIqCOVJbdLw","2022-07-27 00:00:00","cad","18.94","0.00","18.94","18.94","cad","338728","2022-07-20 21:33:20","2022-07-20 21:33:20"
"refund","py_1LNetHR5X4yZHJIqHbKvq2yA","po_1LPcOgR5X4yZHJIqCOVJbdLw","2022-07-27 00:00:00","cad","-123.59","0.00","-123.59","-123.59","cad","339829","2022-07-20 15:32:47","2022-07-21 18:54:26"
"refund","py_1LI4p5R5X4yZHJIq72KauXIS","po_1LPcOgR5X4yZHJIqCOVJbdLw","2022-07-25 21:34:03","cad","-365.46","0.00","-365.46","-365.46","cad","336844","2022-07-05 06:01:23","2022-07-25 21:34:03"
"refund","py_1LKA3hR5X4yZHJIqRhtBqZZQ","po_1LPcOgR5X4yZHJIqCOVJbdLw","2022-07-25 21:38:11","cad","-330.60","0.00","-330.60","-330.60","cad","337085","2022-07-11 00:01:06","2022-07-25 21:38:11"
"refund","py_1LNhFOR5X4yZHJIq0fNPXype","po_1LPcOgR5X4yZHJIqCOVJbdLw","2022-07-27 00:00:00","cad","-292.97","0.00","-292.97","-292.97","cad","339176","2022-07-20 18:03:47","2022-07-25 21:52:50"
"refund","py_1LIItsR5X4yZHJIqxsEZajeb","po_1LPcOgR5X4yZHJIqCOVJbdLw","2022-07-25 22:57:05","cad","-31.74","0.00","-31.74","-31.74","cad","338385","2022-07-05 21:03:17","2022-07-25 22:57:05"
"charge","py_1LNmohR5X4yZHJIqfajEIhP4","po_1LPyo6R5X4yZHJIqdHRiMAQK","2022-07-28 00:00:00","cad","572.81","29.59","543.22","572.81","cad","337711","2022-07-21 00:00:36","2022-07-21 00:00:36"
"charge","py_1LNmrjR5X4yZHJIqPF4IxGAm","po_1LPyo6R5X4yZHJIqdHRiMAQK","2022-07-28 00:00:00","cad","362.55","18.13","344.42","362.55","cad","338935","2022-07-21 00:03:44","2022-07-21 00:03:44"
"charge","py_1LNoHAR5X4yZHJIqb1XgwxCf","po_1LPyo6R5X4yZHJIqdHRiMAQK","2022-07-28 00:00:00","cad","18.93","0.00","18.93","18.93","cad","339133","2022-07-21 01:34:05","2022-07-21 01:34:05"
"charge","py_1LNrRxR5X4yZHJIqXonsL8NK","po_1LPyo6R5X4yZHJIqdHRiMAQK","2022-07-28 00:00:00","cad","18.94","0.00","18.94","18.94","cad","338989","2022-07-21 04:57:25","2022-07-21 04:57:25"
"charge","py_1LNsKVR5X4yZHJIqIpNS4yyc","po_1LPyo6R5X4yZHJIqdHRiMAQK","2022-07-28 00:00:00","cad","18.94","0.00","18.94","18.94","cad","339229","2022-07-21 05:53:48","2022-07-21 05:53:48"
"charge","py_1LNsRtR5X4yZHJIqs8M2fXaV","po_1LPyo6R5X4yZHJIqdHRiMAQK","2022-07-28 00:00:00","cad","244.15","12.39","231.76","244.15","cad","339111","2022-07-21 06:01:25","2022-07-21 06:01:25"
"charge","py_1LNyw9R5X4yZHJIqj5oEa2Wt","po_1LPyo6R5X4yZHJIqdHRiMAQK","2022-07-28 00:00:00","cad","174.78","27.12","147.66","174.78","cad","337743","2022-07-21 12:57:05","2022-07-21 12:57:05"
"charge","py_1LO2tlR5X4yZHJIqNi2hMKoE","po_1LPyo6R5X4yZHJIqdHRiMAQK","2022-07-28 00:00:00","cad","397.38","20.09","377.29","397.38","cad","338570","2022-07-21 17:10:53","2022-07-21 17:10:53"
"charge","py_1LO3CER5X4yZHJIqeqTyTHQI","po_1LPyo6R5X4yZHJIqdHRiMAQK","2022-07-28 00:00:00","cad","31.66","24.61","7.05","31.66","cad","340016","2022-07-21 17:29:58","2022-07-21 17:29:58"
"charge","py_1LO3hMR5X4yZHJIqH6R4yRXo","po_1LPyo6R5X4yZHJIqdHRiMAQK","2022-07-28 00:00:00","cad","376.16","19.57","356.59","376.16","cad","339113","2022-07-21 18:02:08","2022-07-21 18:02:08"
"charge","py_1LO61qR5X4yZHJIqDkqsikUq","po_1LPyo6R5X4yZHJIqdHRiMAQK","2022-07-28 00:00:00","cad","152.06","32.57","119.49","152.06","cad","340042","2022-07-21 20:31:27","2022-07-21 20:31:27"
"charge","py_1LO9EFR5X4yZHJIqIRWOk0FL","po_1LPyo6R5X4yZHJIqdHRiMAQK","2022-07-28 00:00:00","cad","157.05","15.19","141.86","157.05","cad","340061","2022-07-21 23:56:27","2022-07-21 23:56:27"
"refund","py_1LNmohR5X4yZHJIqfajEIhP4","po_1LPyo6R5X4yZHJIqdHRiMAQK","2022-07-28 00:00:00","cad","-553.87","0.00","-553.87","-553.87","cad","337711","2022-07-21 00:00:36","2022-07-23 18:34:04"
"refund","py_1LLyQoR5X4yZHJIqbctBaQG2","po_1LPyo6R5X4yZHJIqdHRiMAQK","2022-07-26 17:15:22","cad","-641.11","0.00","-641.11","-641.11","cad","337814","2022-07-16 00:00:26","2022-07-26 17:15:22"
"refund","py_1LNf7UR5X4yZHJIqWnIrlGHM","po_1LPyo6R5X4yZHJIqdHRiMAQK","2022-07-27 00:00:00","cad","-111.13","0.00","-111.13","-111.13","cad","338760","2022-07-20 15:47:28","2022-07-26 17:17:05"
"refund","py_1LLL2CR5X4yZHJIq91bfs6gD","po_1LPyo6R5X4yZHJIqdHRiMAQK","2022-07-26 22:33:52","cad","-19.11","0.00","-19.11","-19.11","cad","338250","2022-07-14 05:56:24","2022-07-26 22:33:52"
"charge","py_1LOPeCR5X4yZHJIqEDawWeht","po_1LQLXCR5X4yZHJIqcaXUb5A3","2022-07-29 00:00:00","cad","12.00","7.31","4.69","12.00","cad","340149","2022-07-22 17:28:20","2022-07-22 17:28:20"
"charge","py_1LOSpbR5X4yZHJIqIkSomR8c","po_1LQLXCR5X4yZHJIqcaXUb5A3","2022-07-29 00:00:00","cad","312.61","16.32","296.29","312.61","cad","338893","2022-07-22 20:52:19","2022-07-22 20:52:19"
"charge","py_1LOT0mR5X4yZHJIqfzbc01X7","po_1LQLXCR5X4yZHJIqcaXUb5A3","2022-07-29 00:00:00","cad","25.00","12.82","12.18","25.00","cad","340186","2022-07-22 21:03:52","2022-07-22 21:03:52"
"charge","py_1LOUSBR5X4yZHJIqraZtNPKU","po_1LQLXCR5X4yZHJIqcaXUb5A3","2022-07-29 00:00:00","cad","18.91","0.00","18.91","18.91","cad","339093","2022-07-22 22:36:15","2022-07-22 22:36:15"
"charge","py_1LOV8pR5X4yZHJIqQpjtUaAk","po_1LQLXCR5X4yZHJIqcaXUb5A3","2022-07-29 00:00:00","cad","12.00","8.12","3.88","12.00","cad","340202","2022-07-22 23:20:19","2022-07-22 23:20:19"
"charge","py_1LOVV7R5X4yZHJIqzVpT6noT","po_1LQLXCR5X4yZHJIqcaXUb5A3","2022-07-29 00:00:00","cad","112.38","14.53","97.85","112.38","cad","338702","2022-07-22 23:43:21","2022-07-22 23:43:21"
"refund","py_1LOSpbR5X4yZHJIqIkSomR8c","po_1LQLXCR5X4yZHJIqcaXUb5A3","2022-07-29 00:00:00","cad","-110.93","0.00","-110.93","-110.93","cad","338893","2022-07-22 20:52:19","2022-07-25 18:21:53"
"charge","py_1LOVljR5X4yZHJIqpMY47TIE","po_1LQhnqR5X4yZHJIqS9JX5OLB","2022-07-30 00:00:00","cad","521.86","26.99","494.87","521.86","cad","338522","2022-07-23 00:00:31","2022-07-23 00:00:31"
"charge","py_1LOVlsR5X4yZHJIqUZWIIgdx","po_1LQhnqR5X4yZHJIqS9JX5OLB","2022-07-30 00:00:00","cad","342.72","17.07","325.65","342.72","cad","338708","2022-07-23 00:00:40","2022-07-23 00:00:40"
"charge","py_1LObSWR5X4yZHJIqIfoVZXq4","po_1LQhnqR5X4yZHJIqS9JX5OLB","2022-07-30 00:00:00","cad","25.00","7.11","17.89","25.00","cad","340251","2022-07-23 06:05:05","2022-07-23 06:05:05"
"charge","py_1LOgWDR5X4yZHJIqR38s6qjR","po_1LQhnqR5X4yZHJIqS9JX5OLB","2022-07-30 00:00:00","cad","174.68","18.20","156.48","174.68","cad","339220","2022-07-23 11:29:13","2022-07-23 11:29:13"
"charge","py_1LOkmtR5X4yZHJIq26cqisjE","po_1LQhnqR5X4yZHJIqS9JX5OLB","2022-07-30 00:00:00","cad","12.00","7.41","4.59","12.00","cad","340303","2022-07-23 16:02:43","2022-07-23 16:02:43"
"charge","py_1LOmBYR5X4yZHJIqmFn9WKSA","po_1LQhnqR5X4yZHJIqS9JX5OLB","2022-07-30 00:00:00","cad","25.00","9.04","15.96","25.00","cad","340320","2022-07-23 17:32:16","2022-07-23 17:32:16"
"charge","py_1LOrKRR5X4yZHJIqUrdudnl6","po_1LQhnqR5X4yZHJIqS9JX5OLB","2022-07-30 00:00:00","cad","12.00","8.16","3.84","12.00","cad","340362","2022-07-23 23:01:47","2022-07-23 23:01:47"
"refund","py_1LOVlsR5X4yZHJIqUZWIIgdx","po_1LQhnqR5X4yZHJIqS9JX5OLB","2022-07-30 00:00:00","cad","-235.05","0.00","-235.05","-235.05","cad","338708","2022-07-23 00:00:40","2022-07-26 17:18:32"
"charge","py_1LOsFIR5X4yZHJIqsXX6m1id","po_1LR46AR5X4yZHJIqx7cYmGAI","2022-07-31 00:00:00","cad","573.86","0.00","573.86","573.86","cad","338756","2022-07-24 00:00:32","2022-07-24 00:00:32"
"charge","py_1LOsGbR5X4yZHJIq8IhkTFdZ","po_1LR46AR5X4yZHJIqx7cYmGAI","2022-07-31 00:00:00","cad","229.62","11.65","217.97","229.62","cad","339285","2022-07-24 00:01:54","2022-07-24 00:01:54"
"charge","py_1LOsGkR5X4yZHJIqmLuvMTDD","po_1LR46AR5X4yZHJIqx7cYmGAI","2022-07-31 00:00:00","cad","382.57","19.06","363.51","382.57","cad","339288","2022-07-24 00:02:02","2022-07-24 00:02:02"
"charge","py_1LOwsLR5X4yZHJIqZg2HGBUl","po_1LR46AR5X4yZHJIqx7cYmGAI","2022-07-31 00:00:00","cad","18.99","0.00","18.99","18.99","cad","339120","2022-07-24 04:57:09","2022-07-24 04:57:09"
"charge","py_1LOzVtR5X4yZHJIqAlzkh6mp","po_1LR46AR5X4yZHJIqx7cYmGAI","2022-07-31 00:00:00","cad","18.99","0.00","18.99","18.99","cad","337552","2022-07-24 07:46:10","2022-07-24 07:46:10"
"charge","py_1LPCUqR5X4yZHJIq4k99vKdm","po_1LR46AR5X4yZHJIqx7cYmGAI","2022-07-31 00:00:00","cad","12.00","8.16","3.84","12.00","cad","340492","2022-07-24 21:37:56","2022-07-24 21:37:56"
"refund","py_1LOsGkR5X4yZHJIqmLuvMTDD","po_1LR46AR5X4yZHJIqx7cYmGAI","2022-07-31 00:00:00","cad","-363.58","0.00","-363.58","-363.58","cad","339288","2022-07-24 00:02:02","2022-07-29 20:39:38"
